2026-10-07T11:51:50 plan validate repeat 1; pinned CPUs [0, 1, 2, 3, 4, 5, 6, 7, 8, 9, 10, 11, 12, 13, 14, 15]
2026-10-07T11:52:15 2026-10-07T11:51:50	validate	balls	matched	jolt	1,4,8,16	default	1	1	24.4	nan	0.0	0.0	0	0	kept	0,1,2,3,4,5,6,7,8,9,10,11,12,13,14,15
2026-10-07T11:52:40 2026-10-07T11:52:15	validate	balls	matched	jolt-4	1,4,8,16	default	1	1	25.2	nan	0.0	0.0	0	0	kept	0,1,2,3,4,5,6,7,8,9,10,11,12,13,14,15
2026-10-07T11:53:07 2026-10-07T11:52:40	validate	balls	matched	rapier-par	1,4,8,16	default	1	1	27.0	nan	0.0	0.0	0	0	kept	0,1,2,3,4,5,6,7,8,9,10,11,12,13,14,15
2026-10-07T11:53:42 2026-10-07T11:53:07	validate	balls	matched	avian-par	1,4,8,16	default	1	1	35.1	nan	0.0	0.0	0	0	kept	0,1,2,3,4,5,6,7,8,9,10,11,12,13,14,15
2026-10-07T11:54:07 2026-10-07T11:53:42	validate	balls	defaults	jolt	1,4,8,16	default	1	1	24.8	nan	0.0	0.0	0	0	kept	0,1,2,3,4,5,6,7,8,9,10,11,12,13,14,15
2026-10-07T11:54:27 2026-10-07T11:54:07	validate	balls	defaults	jolt-4	1,4,8,16	default	1	1	20.7	nan	0.0	0.0	0	0	kept	0,1,2,3,4,5,6,7,8,9,10,11,12,13,14,15
2026-10-07T11:54:45 2026-10-07T11:54:27	validate	balls	defaults	rapier-par	1,4,8,16	default	1	1	17.6	nan	0.0	0.0	0	0	kept	0,1,2,3,4,5,6,7,8,9,10,11,12,13,14,15
2026-10-07T11:55:16 2026-10-07T11:54:45	validate	balls	defaults	avian-par	1,4,8,16	default	1	1	30.7	nan	0.0	0.0	0	0	kept	0,1,2,3,4,5,6,7,8,9,10,11,12,13,14,15
2026-10-07T11:55:28 2026-10-07T11:55:16	validate	boxes	matched	jolt	1,4,8,16	default	1	1	12.1	nan	0.0	0.0	0	0	kept	0,1,2,3,4,5,6,7,8,9,10,11,12,13,14,15
2026-10-07T11:55:36 2026-10-07T11:55:28	validate	boxes	matched	jolt-4	1,4,8,16	default	1	1	8.3	nan	0.0	0.0	0	0	kept	0,1,2,3,4,5,6,7,8,9,10,11,12,13,14,15
2026-10-07T11:55:42 2026-10-07T11:55:36	validate	boxes	matched	rapier-par	1,4,8,16	default	1	1	6.0	nan	0.0	0.0	0	0	kept	0,1,2,3,4,5,6,7,8,9,10,11,12,13,14,15
2026-10-07T11:56:07 2026-10-07T11:55:42	validate	boxes	matched	avian-par	1,4,8,16	default	1	1	25.4	nan	0.0	0.0	0	0	kept	0,1,2,3,4,5,6,7,8,9,10,11,12,13,14,15
2026-10-07T11:56:13 2026-10-07T11:56:07	validate	boxes	defaults	jolt	1,4,8,16	default	1	1	5.7	nan	0.0	0.0	0	0	kept	0,1,2,3,4,5,6,7,8,9,10,11,12,13,14,15
2026-10-07T11:56:17 2026-10-07T11:56:13	validate	boxes	defaults	jolt-4	1,4,8,16	default	1	1	4.1	nan	0.0	0.0	0	0	kept	0,1,2,3,4,5,6,7,8,9,10,11,12,13,14,15
2026-10-07T11:56:19 2026-10-07T11:56:17	validate	boxes	defaults	rapier-par	1,4,8,16	default	1	1	1.4	nan	0.0	0.0	0	0	kept	0,1,2,3,4,5,6,7,8,9,10,11,12,13,14,15
2026-10-07T11:56:52 2026-10-07T11:56:19	validate	boxes	defaults	avian-par	1,4,8,16	default	1	1	34.0	nan	0.0	0.0	0	0	kept	0,1,2,3,4,5,6,7,8,9,10,11,12,13,14,15
2026-10-07T11:57:05 2026-10-07T11:56:52	validate	capsules	matched	jolt	1,4,8,16	default	1	1	12.7	nan	0.0	0.0	0	0	kept	0,1,2,3,4,5,6,7,8,9,10,11,12,13,14,15
2026-10-07T11:57:18 2026-10-07T11:57:05	validate	capsules	matched	jolt-4	1,4,8,16	default	1	1	12.6	nan	0.0	0.0	0	0	kept	0,1,2,3,4,5,6,7,8,9,10,11,12,13,14,15
2026-10-07T11:57:26 2026-10-07T11:57:18	validate	capsules	matched	rapier-par	1,4,8,16	default	1	1	8.6	nan	0.0	0.0	0	0	kept	0,1,2,3,4,5,6,7,8,9,10,11,12,13,14,15
2026-10-07T11:57:47 2026-10-07T11:57:26	validate	capsules	matched	avian-par	1,4,8,16	default	1	1	20.1	nan	0.0	0.0	0	0	kept	0,1,2,3,4,5,6,7,8,9,10,11,12,13,14,15
2026-10-07T11:57:59 2026-10-07T11:57:47	validate	capsules	defaults	jolt	1,4,8,16	default	1	1	12.2	nan	0.0	0.0	0	0	kept	0,1,2,3,4,5,6,7,8,9,10,11,12,13,14,15
2026-10-07T11:58:10 2026-10-07T11:57:59	validate	capsules	defaults	jolt-4	1,4,8,16	default	1	1	11.2	nan	0.0	0.0	0	0	kept	0,1,2,3,4,5,6,7,8,9,10,11,12,13,14,15
2026-10-07T11:58:19 2026-10-07T11:58:10	validate	capsules	defaults	rapier-par	1,4,8,16	default	1	1	8.9	nan	0.0	0.0	0	0	kept	0,1,2,3,4,5,6,7,8,9,10,11,12,13,14,15
2026-10-07T11:58:46 2026-10-07T11:58:19	validate	capsules	defaults	avian-par	1,4,8,16	default	1	1	26.8	nan	0.0	0.0	0	0	kept	0,1,2,3,4,5,6,7,8,9,10,11,12,13,14,15
2026-10-07T12:07:38 2026-10-07T11:58:46	validate	pyramid	matched	jolt	1,4,8,16	default	1	1	532.9	nan	0.0	0.0	0	0	kept	0,1,2,3,4,5,6,7,8,9,10,11,12,13,14,15
2026-10-07T12:13:49 2026-10-07T12:07:38	validate	pyramid	matched	jolt-4	1,4,8,16	default	1	1	370.3	nan	0.0	0.0	0	0	kept	0,1,2,3,4,5,6,7,8,9,10,11,12,13,14,15
2026-10-07T12:18:55 2026-10-07T12:13:49	validate	pyramid	matched	rapier-par	1,4,8,16	default	1	1	306.7	nan	0.0	0.0	0	0	kept	0,1,2,3,4,5,6,7,8,9,10,11,12,13,14,15
2026-10-07T12:30:18 2026-10-07T12:18:55	validate	pyramid	matched	avian-par	1,4,8,16	default	1	1	682.9	nan	0.0	0.0	0	0	kept	0,1,2,3,4,5,6,7,8,9,10,11,12,13,14,15
2026-10-07T12:39:00 2026-10-07T12:30:18	validate	pyramid	defaults	jolt	1,4,8,16	default	1	1	521.3	nan	0.0	0.0	0	0	kept	0,1,2,3,4,5,6,7,8,9,10,11,12,13,14,15
2026-10-07T12:45:11 2026-10-07T12:39:00	validate	pyramid	defaults	jolt-4	1,4,8,16	default	1	1	371.7	nan	0.0	0.0	0	0	kept	0,1,2,3,4,5,6,7,8,9,10,11,12,13,14,15
2026-10-07T12:50:20 2026-10-07T12:45:11	validate	pyramid	defaults	rapier-par	1,4,8,16	default	1	1	308.8	nan	0.0	0.0	0	0	kept	0,1,2,3,4,5,6,7,8,9,10,11,12,13,14,15
2026-10-07T13:04:47 2026-10-07T12:50:20	validate	pyramid	defaults	avian-par	1,4,8,16	default	1	1	867.4	nan	0.0	0.0	0	0	kept	0,1,2,3,4,5,6,7,8,9,10,11,12,13,14,15
2026-10-07T13:05:30 2026-10-07T13:04:47	validate	many_pyramids	matched	jolt	1,4,8,16	default	1	1	43.0	nan	0.0	0.0	0	0	kept	0,1,2,3,4,5,6,7,8,9,10,11,12,13,14,15
2026-10-07T13:06:02 2026-10-07T13:05:30	validate	many_pyramids	matched	jolt-4	1,4,8,16	default	1	1	31.8	nan	0.0	0.0	0	0	kept	0,1,2,3,4,5,6,7,8,9,10,11,12,13,14,15
2026-10-07T13:06:31 2026-10-07T13:06:02	validate	many_pyramids	matched	rapier-par	1,4,8,16	default	1	1	28.7	nan	0.0	0.0	0	0	kept	0,1,2,3,4,5,6,7,8,9,10,11,12,13,14,15
2026-10-07T13:08:13 2026-10-07T13:06:31	validate	many_pyramids	matched	avian-par	1,4,8,16	default	1	1	101.9	nan	0.0	0.0	0	0	kept	0,1,2,3,4,5,6,7,8,9,10,11,12,13,14,15
2026-10-07T13:08:19 2026-10-07T13:08:13	validate	many_pyramids	defaults	jolt	1,4,8,16	default	1	1	6.2	nan	0.0	0.0	0	0	kept	0,1,2,3,4,5,6,7,8,9,10,11,12,13,14,15
2026-10-07T13:08:46 2026-10-07T13:08:19	validate	many_pyramids	defaults	jolt-4	1,4,8,16	default	1	1	26.9	nan	0.0	0.0	0	0	kept	0,1,2,3,4,5,6,7,8,9,10,11,12,13,14,15
2026-10-07T13:08:50 2026-10-07T13:08:46	validate	many_pyramids	defaults	rapier-par	1,4,8,16	default	1	1	4.1	nan	0.0	0.0	0	0	kept	0,1,2,3,4,5,6,7,8,9,10,11,12,13,14,15
2026-10-07T13:10:44 2026-10-07T13:08:50	validate	many_pyramids	defaults	avian-par	1,4,8,16	default	1	1	113.7	nan	0.0	0.0	0	0	kept	0,1,2,3,4,5,6,7,8,9,10,11,12,13,14,15
2026-10-07T13:21:46 2026-10-07T13:10:44	validate	keva	matched	jolt	1,4,8,16	default	1	1	661.7	nan	0.0	0.0	0	0	kept	0,1,2,3,4,5,6,7,8,9,10,11,12,13,14,15
2026-10-07T13:34:46 2026-10-07T13:21:46	validate	keva	matched	jolt-4	1,4,8,16	default	1	1	780.7	nan	0.0	0.0	0	0	kept	0,1,2,3,4,5,6,7,8,9,10,11,12,13,14,15
2026-10-07T13:42:36 2026-10-07T13:34:46	validate	keva	matched	rapier-par	1,4,8,16	default	1	1	469.5	nan	0.0	0.0	0	0	kept	0,1,2,3,4,5,6,7,8,9,10,11,12,13,14,15
2026-10-07T13:53:13 2026-10-07T13:42:36	validate	keva	matched	avian-par	1,4,8,16	default	1	1	637.5	nan	0.0	0.0	0	0	kept	0,1,2,3,4,5,6,7,8,9,10,11,12,13,14,15
2026-10-07T14:03:53 2026-10-07T13:53:13	validate	keva	defaults	jolt	1,4,8,16	default	1	1	639.6	nan	0.0	0.0	0	0	kept	0,1,2,3,4,5,6,7,8,9,10,11,12,13,14,15
2026-10-07T14:16:44 2026-10-07T14:03:53	validate	keva	defaults	jolt-4	1,4,8,16	default	1	1	770.8	nan	0.0	0.0	0	0	kept	0,1,2,3,4,5,6,7,8,9,10,11,12,13,14,15
2026-10-07T14:24:30 2026-10-07T14:16:44	validate	keva	defaults	rapier-par	1,4,8,16	default	1	1	466.4	nan	0.0	0.0	0	0	kept	0,1,2,3,4,5,6,7,8,9,10,11,12,13,14,15
2026-10-07T14:39:38 2026-10-07T14:24:30	validate	keva	defaults	avian-par	1,4,8,16	default	1	1	907.9	nan	0.0	0.0	0	0	kept	0,1,2,3,4,5,6,7,8,9,10,11,12,13,14,15
2026-10-07T14:40:20 2026-10-07T14:39:38	validate	joint_ball	matched	jolt	1,4,8,16	default	1	1	41.8	nan	0.0	0.0	0	0	kept	0,1,2,3,4,5,6,7,8,9,10,11,12,13,14,15
2026-10-07T14:40:59 2026-10-07T14:40:20	validate	joint_ball	matched	jolt-4	1,4,8,16	default	1	1	39.5	nan	0.0	0.0	0	0	kept	0,1,2,3,4,5,6,7,8,9,10,11,12,13,14,15
2026-10-07T14:41:21 2026-10-07T14:40:59	validate	joint_ball	matched	rapier-par	1,4,8,16	default	1	1	21.4	nan	0.0	0.0	0	0	kept	0,1,2,3,4,5,6,7,8,9,10,11,12,13,14,15
2026-10-07T14:42:07 2026-10-07T14:41:21	validate	joint_ball	matched	avian-par	1,4,8,16	default	1	1	46.9	nan	0.0	0.0	0	0	kept	0,1,2,3,4,5,6,7,8,9,10,11,12,13,14,15
2026-10-07T14:42:49 2026-10-07T14:42:07	validate	joint_ball	defaults	jolt	1,4,8,16	default	1	1	41.4	nan	0.0	0.0	0	0	kept	0,1,2,3,4,5,6,7,8,9,10,11,12,13,14,15
2026-10-07T14:43:33 2026-10-07T14:42:49	validate	joint_ball	defaults	jolt-4	1,4,8,16	default	1	1	44.3	nan	0.0	0.0	0	0	kept	0,1,2,3,4,5,6,7,8,9,10,11,12,13,14,15
2026-10-07T14:43:55 2026-10-07T14:43:33	validate	joint_ball	defaults	rapier-par	1,4,8,16	default	1	1	21.5	nan	0.0	0.0	0	0	kept	0,1,2,3,4,5,6,7,8,9,10,11,12,13,14,15
2026-10-07T14:44:37 2026-10-07T14:43:55	validate	joint_ball	defaults	avian-par	1,4,8,16	default	1	1	42.6	nan	0.0	0.0	0	0	kept	0,1,2,3,4,5,6,7,8,9,10,11,12,13,14,15
2026-10-07T14:45:03 2026-10-07T14:44:37	validate	joint_fixed	matched	jolt	1,4,8,16	default	1	1	25.4	nan	0.0	0.0	0	0	kept	0,1,2,3,4,5,6,7,8,9,10,11,12,13,14,15
2026-10-07T14:45:26 2026-10-07T14:45:03	validate	joint_fixed	matched	jolt-4	1,4,8,16	default	1	1	23.4	nan	0.0	0.0	0	0	kept	0,1,2,3,4,5,6,7,8,9,10,11,12,13,14,15
2026-10-07T14:45:57 2026-10-07T14:45:26	validate	joint_fixed	matched	rapier-par	1,4,8,16	default	1	1	30.5	nan	0.0	0.0	0	0	kept	0,1,2,3,4,5,6,7,8,9,10,11,12,13,14,15
2026-10-07T14:46:40 2026-10-07T14:45:57	validate	joint_fixed	matched	avian-par	1,4,8,16	default	1	1	42.9	nan	0.0	0.0	0	0	kept	0,1,2,3,4,5,6,7,8,9,10,11,12,13,14,15
2026-10-07T14:47:05 2026-10-07T14:46:40	validate	joint_fixed	defaults	jolt	1,4,8,16	default	1	1	25.5	nan	0.0	0.0	0	0	kept	0,1,2,3,4,5,6,7,8,9,10,11,12,13,14,15
2026-10-07T14:47:28 2026-10-07T14:47:05	validate	joint_fixed	defaults	jolt-4	1,4,8,16	default	1	1	23.4	nan	0.0	0.0	0	0	kept	0,1,2,3,4,5,6,7,8,9,10,11,12,13,14,15
2026-10-07T14:47:47 2026-10-07T14:47:28	validate	joint_fixed	defaults	rapier-par	1,4,8,16	default	1	1	18.5	nan	0.0	0.0	0	0	kept	0,1,2,3,4,5,6,7,8,9,10,11,12,13,14,15
2026-10-07T14:48:42 2026-10-07T14:47:47	validate	joint_fixed	defaults	avian-par	1,4,8,16	default	1	1	55.1	nan	0.0	0.0	0	0	kept	0,1,2,3,4,5,6,7,8,9,10,11,12,13,14,15
2026-10-07T14:49:15 2026-10-07T14:48:42	validate	joint_prismatic	matched	jolt	1,4,8,16	default	1	1	33.1	nan	0.0	0.0	0	0	kept	0,1,2,3,4,5,6,7,8,9,10,11,12,13,14,15
2026-10-07T14:49:46 2026-10-07T14:49:15	validate	joint_prismatic	matched	jolt-4	1,4,8,16	default	1	1	30.9	nan	0.0	0.0	0	0	kept	0,1,2,3,4,5,6,7,8,9,10,11,12,13,14,15
2026-10-07T14:50:17 2026-10-07T14:49:46	validate	joint_prismatic	matched	rapier-par	1,4,8,16	default	1	1	31.1	nan	0.0	0.0	0	0	kept	0,1,2,3,4,5,6,7,8,9,10,11,12,13,14,15
2026-10-07T14:51:58 2026-10-07T14:50:17	validate	joint_prismatic	matched	avian-par	1,4,8,16	default	1	1	100.9	nan	0.0	0.0	0	0	kept	0,1,2,3,4,5,6,7,8,9,10,11,12,13,14,15
2026-10-07T14:52:31 2026-10-07T14:51:58	validate	joint_prismatic	defaults	jolt	1,4,8,16	default	1	1	32.9	nan	0.0	0.0	0	0	kept	0,1,2,3,4,5,6,7,8,9,10,11,12,13,14,15
2026-10-07T14:53:02 2026-10-07T14:52:31	validate	joint_prismatic	defaults	jolt-4	1,4,8,16	default	1	1	30.7	nan	0.0	0.0	0	0	kept	0,1,2,3,4,5,6,7,8,9,10,11,12,13,14,15
2026-10-07T14:53:34 2026-10-07T14:53:02	validate	joint_prismatic	defaults	rapier-par	1,4,8,16	default	1	1	32.7	nan	0.0	0.0	0	0	kept	0,1,2,3,4,5,6,7,8,9,10,11,12,13,14,15
2026-10-07T14:55:32 2026-10-07T14:53:34	validate	joint_prismatic	defaults	avian-par	1,4,8,16	default	1	1	117.8	nan	0.0	0.0	0	0	kept	0,1,2,3,4,5,6,7,8,9,10,11,12,13,14,15
2026-10-07T14:55:46 2026-10-07T14:55:32	validate	joint_revolute	matched	jolt	1,4,8,16	default	1	1	13.9	nan	0.0	0.0	0	0	kept	0,1,2,3,4,5,6,7,8,9,10,11,12,13,14,15
2026-10-07T14:55:59 2026-10-07T14:55:46	validate	joint_revolute	matched	jolt-4	1,4,8,16	default	1	1	13.0	nan	0.0	0.0	0	0	kept	0,1,2,3,4,5,6,7,8,9,10,11,12,13,14,15
2026-10-07T14:56:12 2026-10-07T14:55:59	validate	joint_revolute	matched	rapier-par	1,4,8,16	default	1	1	13.2	nan	0.0	0.0	0	0	kept	0,1,2,3,4,5,6,7,8,9,10,11,12,13,14,15
2026-10-07T14:56:44 2026-10-07T14:56:12	validate	joint_revolute	matched	avian-par	1,4,8,16	default	1	1	31.8	nan	0.0	0.0	0	0	kept	0,1,2,3,4,5,6,7,8,9,10,11,12,13,14,15
2026-10-07T14:56:58 2026-10-07T14:56:44	validate	joint_revolute	defaults	jolt	1,4,8,16	default	1	1	14.2	nan	0.0	0.0	0	0	kept	0,1,2,3,4,5,6,7,8,9,10,11,12,13,14,15
2026-10-07T14:57:11 2026-10-07T14:56:58	validate	joint_revolute	defaults	jolt-4	1,4,8,16	default	1	1	13.0	nan	0.0	0.0	0	0	kept	0,1,2,3,4,5,6,7,8,9,10,11,12,13,14,15
2026-10-07T14:57:27 2026-10-07T14:57:11	validate	joint_revolute	defaults	rapier-par	1,4,8,16	default	1	1	15.4	nan	0.0	0.0	0	0	kept	0,1,2,3,4,5,6,7,8,9,10,11,12,13,14,15
2026-10-07T14:59:23 2026-10-07T14:57:27	validate	joint_revolute	defaults	avian-par	1,4,8,16	default	1	1	116.8	nan	0.0	0.0	0	0	kept	0,1,2,3,4,5,6,7,8,9,10,11,12,13,14,15
2026-10-07T14:59:23 plan validate repeat 1 done
2026-10-07T14:59:23 plan sweep-validate repeat 1; pinned CPUs [0, 1, 2, 3, 4, 5, 6, 7, 8, 9, 10, 11, 12, 13, 14, 15]
2026-10-07T14:59:39 2026-10-07T14:59:23	validate	many_pyramids	matched	jolt	4	2,4,8	1	1	15.9	nan	0.0	0.0	0	0	kept	0,1,2,3
2026-10-07T14:59:57 2026-10-07T14:59:39	validate	many_pyramids	matched	rapier-par	4	2,4,8	1	1	17.2	nan	0.0	0.0	0	0	kept	0,1,2,3
2026-10-07T15:00:51 2026-10-07T14:59:57	validate	many_pyramids	matched	avian-par	4	2,4,8	1	1	54.6	nan	0.0	0.0	0	0	kept	0,1,2,3
2026-10-07T15:00:57 2026-10-07T15:00:51	validate	joint_revolute	matched	jolt	4	2,4,8	1	1	6.0	nan	0.0	0.0	0	1	kept	0,1,2,3
2026-10-07T15:01:04 2026-10-07T15:00:57	validate	joint_revolute	matched	rapier-par	4	2,4,8	1	1	6.6	nan	0.0	0.0	0	0	kept	0,1,2,3
2026-10-07T15:01:26 2026-10-07T15:01:04	validate	joint_revolute	matched	avian-par	4	2,4,8	1	1	21.8	nan	0.0	0.0	0	0	kept	0,1,2,3
2026-10-07T15:01:26 plan sweep-validate repeat 1 done
2026-10-07T15:01:26 plan main repeat 1; pinned CPUs [0, 1, 2, 3, 4, 5, 6, 7, 8, 9, 10, 11, 12, 13, 14, 15]
2026-10-07T15:01:43 2026-10-07T15:01:36	time	balls	matched	jolt	1	default	1	1	7.9	0.1	0.0	0.0	1	0	kept	0
2026-10-07T15:02:00 2026-10-07T15:01:53	time	balls	matched	jolt	4	default	1	1	6.1	4.2	0.1	0.1	1	0	kept	0,1,2,3
2026-10-07T15:02:15 2026-10-07T15:02:10	time	balls	matched	jolt	8	default	1	1	5.8	0.1	0.1	0.1	1	0	kept	0,1,2,3,4,5,6,7
2026-10-07T15:02:32 2026-10-07T15:02:25	time	balls	matched	jolt	16	default	1	1	6.1	0.1	0.1	0.1	1	0	kept	0,1,2,3,4,5,6,7,8,9,10,11,12,13,14,15
2026-10-07T15:02:49 2026-10-07T15:02:42	time	balls	matched	jolt-4	1	default	1	1	7.6	0.1	0.1	0.1	1	0	kept	0
2026-10-07T15:03:05 2026-10-07T15:02:59	time	balls	matched	jolt-4	4	default	1	1	6.0	0.1	0.1	0.1	1	0	kept	0,1,2,3
2026-10-07T15:03:21 2026-10-07T15:03:15	time	balls	matched	jolt-4	8	default	1	1	5.8	0.1	0.1	0.1	1	0	kept	0,1,2,3,4,5,6,7
2026-10-07T15:03:37 2026-10-07T15:03:31	time	balls	matched	jolt-4	16	default	1	1	6.1	0.2	0.0	0.0	1	0	kept	0,1,2,3,4,5,6,7,8,9,10,11,12,13,14,15
2026-10-07T15:03:54 2026-10-07T15:03:47	time	balls	matched	rapier-par	1	default	1	1	7.1	0.1	0.1	0.1	1	0	kept	0
2026-10-07T15:04:10 2026-10-07T15:04:04	time	balls	matched	rapier-par	4	default	1	1	5.8	0.1	0.0	0.0	1	0	kept	0,1,2,3
2026-10-07T15:04:26 2026-10-07T15:04:20	time	balls	matched	rapier-par	8	default	1	1	5.6	0.2	0.0	0.0	1	0	kept	0,1,2,3,4,5,6,7
2026-10-07T15:04:42 2026-10-07T15:04:36	time	balls	matched	rapier-par	16	default	1	1	6.2	0.0	0.1	0.1	1	0	kept	0,1,2,3,4,5,6,7,8,9,10,11,12,13,14,15
2026-10-07T15:05:02 2026-10-07T15:04:52	time	balls	matched	avian-par	1	default	1	1	10.3	4.1	0.2	0.2	1	0	kept	0
2026-10-07T15:05:20 2026-10-07T15:05:12	time	balls	matched	avian-par	4	default	1	1	7.5	0.3	0.0	0.0	1	0	kept	0,1,2,3
2026-10-07T15:05:37 2026-10-07T15:05:30	time	balls	matched	avian-par	8	default	1	1	7.4	0.0	0.2	0.2	1	0	kept	0,1,2,3,4,5,6,7
2026-10-07T15:05:56 2026-10-07T15:05:47	time	balls	matched	avian-par	16	default	1	1	9.1	0.0	0.1	0.1	1	0	kept	0,1,2,3,4,5,6,7,8,9,10,11,12,13,14,15
2026-10-07T15:06:15 2026-10-07T15:06:06	time	boxes	matched	jolt	1	default	1	1	9.0	0.1	0.0	0.0	1	0	kept	0
2026-10-07T15:06:32 2026-10-07T15:06:25	time	boxes	matched	jolt	4	default	1	1	6.6	0.1	0.1	0.1	1	0	kept	0,1,2,3
2026-10-07T15:06:48 2026-10-07T15:06:42	time	boxes	matched	jolt	8	default	1	1	6.1	0.1	0.1	0.1	1	0	kept	0,1,2,3,4,5,6,7
2026-10-07T15:07:05 2026-10-07T15:06:58	time	boxes	matched	jolt	16	default	1	1	6.9	0.0	0.1	0.1	1	0	kept	0,1,2,3,4,5,6,7,8,9,10,11,12,13,14,15
2026-10-07T15:07:22 2026-10-07T15:07:15	time	boxes	matched	jolt-4	1	default	1	1	7.7	0.1	0.1	0.1	1	0	kept	0
2026-10-07T15:07:38 2026-10-07T15:07:32	time	boxes	matched	jolt-4	4	default	1	1	6.1	0.1	1.2	1.2	1	0	kept	0,1,2,3
2026-10-07T15:07:54 2026-10-07T15:07:48	time	boxes	matched	jolt-4	8	default	1	1	5.8	2.9	0.0	0.0	1	0	kept	0,1,2,3,4,5,6,7
2026-10-07T15:08:11 2026-10-07T15:08:04	time	boxes	matched	jolt-4	16	default	1	1	6.4	0.1	0.0	0.0	1	0	kept	0,1,2,3,4,5,6,7,8,9,10,11,12,13,14,15
2026-10-07T15:08:28 2026-10-07T15:08:21	time	boxes	matched	rapier-par	1	default	1	1	7.0	0.1	0.1	0.1	1	0	kept	0
2026-10-07T15:08:43 2026-10-07T15:08:38	time	boxes	matched	rapier-par	4	default	1	1	5.7	0.2	0.0	0.0	1	0	kept	0,1,2,3
2026-10-07T15:08:59 2026-10-07T15:08:53	time	boxes	matched	rapier-par	8	default	1	1	5.5	0.1	0.3	0.3	1	0	kept	0,1,2,3,4,5,6,7
2026-10-07T15:09:15 2026-10-07T15:09:09	time	boxes	matched	rapier-par	16	default	1	1	6.1	0.2	0.1	0.1	1	0	kept	0,1,2,3,4,5,6,7,8,9,10,11,12,13,14,15
2026-10-07T15:09:37 2026-10-07T15:09:25	time	boxes	matched	avian-par	1	default	1	1	12.0	0.2	0.1	0.1	1	0	kept	0
2026-10-07T15:09:56 2026-10-07T15:09:47	time	boxes	matched	avian-par	4	default	1	1	8.9	0.1	0.0	0.0	1	0	kept	0,1,2,3
2026-10-07T15:10:14 2026-10-07T15:10:06	time	boxes	matched	avian-par	8	default	1	1	8.4	0.6	0.0	0.0	1	0	kept	0,1,2,3,4,5,6,7
2026-10-07T15:10:35 2026-10-07T15:10:24	time	boxes	matched	avian-par	16	default	1	1	11.1	0.4	4.0	4.0	1	0	kept	0,1,2,3,4,5,6,7,8,9,10,11,12,13,14,15
2026-10-07T15:10:55 2026-10-07T15:10:45	time	capsules	matched	jolt	1	default	1	1	9.5	0.1	0.0	0.0	1	0	kept	0
2026-10-07T15:11:11 2026-10-07T15:11:05	time	capsules	matched	jolt	4	default	1	1	6.6	0.1	0.0	0.0	1	0	kept	0,1,2,3
2026-10-07T15:11:28 2026-10-07T15:11:21	time	capsules	matched	jolt	8	default	1	1	6.1	0.1	0.1	0.1	1	0	kept	0,1,2,3,4,5,6,7
2026-10-07T15:11:44 2026-10-07T15:11:38	time	capsules	matched	jolt	16	default	1	1	6.7	0.1	0.2	0.2	1	0	kept	0,1,2,3,4,5,6,7,8,9,10,11,12,13,14,15
2026-10-07T15:12:04 2026-10-07T15:11:54	time	capsules	matched	jolt-4	1	default	1	1	9.5	0.1	0.1	0.1	1	0	kept	0
2026-10-07T15:12:20 2026-10-07T15:12:14	time	capsules	matched	jolt-4	4	default	1	1	6.7	0.1	0.1	0.1	1	0	kept	0,1,2,3
2026-10-07T15:12:37 2026-10-07T15:12:30	time	capsules	matched	jolt-4	8	default	1	1	6.2	0.0	0.0	0.0	1	0	kept	0,1,2,3,4,5,6,7
2026-10-07T15:12:53 2026-10-07T15:12:47	time	capsules	matched	jolt-4	16	default	1	1	6.6	0.1	0.1	0.1	1	0	kept	0,1,2,3,4,5,6,7,8,9,10,11,12,13,14,15
2026-10-07T15:13:11 2026-10-07T15:13:03	time	capsules	matched	rapier-par	1	default	1	1	7.6	0.1	0.0	0.0	1	0	kept	0
2026-10-07T15:13:27 2026-10-07T15:13:21	time	capsules	matched	rapier-par	4	default	1	1	6.0	0.0	4.0	4.0	1	0	kept	0,1,2,3
2026-10-07T15:13:43 2026-10-07T15:13:37	time	capsules	matched	rapier-par	8	default	1	1	5.8	0.1	0.0	0.0	1	0	kept	0,1,2,3,4,5,6,7
2026-10-07T15:13:59 2026-10-07T15:13:53	time	capsules	matched	rapier-par	16	default	1	1	6.4	0.2	0.0	0.0	1	0	kept	0,1,2,3,4,5,6,7,8,9,10,11,12,13,14,15
2026-10-07T15:14:20 2026-10-07T15:14:09	time	capsules	matched	avian-par	1	default	1	1	10.7	0.1	0.1	0.1	1	0	kept	0
2026-10-07T15:14:38 2026-10-07T15:14:30	time	capsules	matched	avian-par	4	default	1	1	8.1	0.1	0.0	0.0	1	0	kept	0,1,2,3
2026-10-07T15:14:56 2026-10-07T15:14:48	time	capsules	matched	avian-par	8	default	1	1	7.6	0.1	0.0	0.0	1	0	kept	0,1,2,3,4,5,6,7
2026-10-07T15:15:15 2026-10-07T15:15:06	time	capsules	matched	avian-par	16	default	1	1	9.3	0.4	0.0	0.0	1	0	kept	0,1,2,3,4,5,6,7,8,9,10,11,12,13,14,15
2026-10-07T15:19:50 2026-10-07T15:15:25	time	pyramid	matched	jolt	1	default	1	1	265.6	0.1	0.1	0.5	5	0	kept	0
2026-10-07T15:21:40 2026-10-07T15:20:00	time	pyramid	matched	jolt	4	default	1	1	99.8	0.1	0.1	0.1	2	0	kept	0,1,2,3
2026-10-07T15:23:03 2026-10-07T15:21:50	time	pyramid	matched	jolt	8	default	1	1	72.5	0.1	0.0	0.1	2	0	kept	0,1,2,3,4,5,6,7
2026-10-07T15:24:23 2026-10-07T15:23:13	time	pyramid	matched	jolt	16	default	1	1	70.0	0.1	0.0	0.0	2	0	kept	0,1,2,3,4,5,6,7,8,9,10,11,12,13,14,15
2026-10-07T15:27:30 2026-10-07T15:24:33	time	pyramid	matched	jolt-4	1	default	1	1	177.1	0.1	0.0	0.1	3	0	kept	0
2026-10-07T15:28:51 2026-10-07T15:27:40	time	pyramid	matched	jolt-4	4	default	1	1	71.3	0.1	0.1	0.1	2	0	kept	0,1,2,3
2026-10-07T15:29:54 2026-10-07T15:29:01	time	pyramid	matched	jolt-4	8	default	1	1	53.1	0.1	0.0	0.0	1	0	kept	0,1,2,3,4,5,6,7
2026-10-07T15:30:57 2026-10-07T15:30:04	time	pyramid	matched	jolt-4	16	default	1	1	52.6	0.4	0.1	0.1	1	0	kept	0,1,2,3,4,5,6,7,8,9,10,11,12,13,14,15
2026-10-07T15:33:33 2026-10-07T15:31:07	time	pyramid	matched	rapier-par	1	default	1	1	146.4	0.1	0.1	0.1	3	0	kept	0
2026-10-07T15:34:51 2026-10-07T15:33:43	time	pyramid	matched	rapier-par	4	default	1	1	67.7	4.1	0.1	0.2	2	0	kept	0,1,2,3
2026-10-07T15:35:58 2026-10-07T15:35:01	time	pyramid	matched	rapier-par	8	default	1	1	57.3	0.2	0.1	0.1	1	0	kept	0,1,2,3,4,5,6,7
2026-10-07T15:36:59 2026-10-07T15:36:08	time	pyramid	matched	rapier-par	16	default	1	1	50.4	0.1	0.1	0.1	1	0	kept	0,1,2,3,4,5,6,7,8,9,10,11,12,13,14,15
2026-10-07T15:42:39 2026-10-07T15:37:09	time	pyramid	matched	avian-par	1	default	1	1	329.7	0.2	0.1	0.1	6	0	kept	0
2026-10-07T15:45:03 2026-10-07T15:42:49	time	pyramid	matched	avian-par	4	default	1	1	134.3	0.1	0.2	0.7	3	0	kept	0,1,2,3
2026-10-07T15:46:50 2026-10-07T15:45:13	time	pyramid	matched	avian-par	8	default	1	1	96.9	1.7	0.1	0.1	2	0	kept	0,1,2,3,4,5,6,7
2026-10-07T15:48:36 2026-10-07T15:47:00	time	pyramid	matched	avian-par	16	default	1	1	95.8	0.0	0.1	0.1	2	0	kept	0,1,2,3,4,5,6,7,8,9,10,11,12,13,14,15
2026-10-07T15:49:06 2026-10-07T15:48:46	time	many_pyramids	matched	jolt	1	default	1	1	20.2	0.1	0.1	0.1	1	0	kept	0
2026-10-07T15:49:26 2026-10-07T15:49:16	time	many_pyramids	matched	jolt	4	default	1	1	10.1	0.0	0.0	0.0	1	0	kept	0,1,2,3
2026-10-07T15:49:44 2026-10-07T15:49:36	time	many_pyramids	matched	jolt	8	default	1	1	8.2	0.0	0.0	0.0	1	0	kept	0,1,2,3,4,5,6,7
2026-10-07T15:50:05 2026-10-07T15:49:54	time	many_pyramids	matched	jolt	16	default	1	1	10.5	0.0	0.4	0.4	1	0	kept	0,1,2,3,4,5,6,7,8,9,10,11,12,13,14,15
2026-10-07T15:50:31 2026-10-07T15:50:15	time	many_pyramids	matched	jolt-4	1	default	1	1	15.9	0.1	0.0	0.0	1	0	kept	0
2026-10-07T15:50:49 2026-10-07T15:50:41	time	many_pyramids	matched	jolt-4	4	default	1	1	8.7	0.1	0.1	0.1	1	0	kept	0,1,2,3
2026-10-07T15:51:07 2026-10-07T15:50:59	time	many_pyramids	matched	jolt-4	8	default	1	1	7.5	1.4	0.0	0.0	1	0	kept	0,1,2,3,4,5,6,7
2026-10-07T15:51:26 2026-10-07T15:51:17	time	many_pyramids	matched	jolt-4	16	default	1	1	9.1	0.1	0.1	0.1	1	0	kept	0,1,2,3,4,5,6,7,8,9,10,11,12,13,14,15
2026-10-07T15:51:55 2026-10-07T15:51:36	time	many_pyramids	matched	rapier-par	1	default	1	1	19.0	0.2	0.0	0.0	1	0	kept	0
2026-10-07T15:52:15 2026-10-07T15:52:05	time	many_pyramids	matched	rapier-par	4	default	1	1	10.1	0.1	0.1	0.1	1	0	kept	0,1,2,3
2026-10-07T15:52:34 2026-10-07T15:52:25	time	many_pyramids	matched	rapier-par	8	default	1	1	8.9	0.2	0.1	0.1	1	0	kept	0,1,2,3,4,5,6,7
2026-10-07T15:52:52 2026-10-07T15:52:44	time	many_pyramids	matched	rapier-par	16	default	1	1	8.2	0.1	0.0	0.0	1	0	kept	0,1,2,3,4,5,6,7,8,9,10,11,12,13,14,15
2026-10-07T15:53:48 2026-10-07T15:53:02	time	many_pyramids	matched	avian-par	1	default	1	1	46.1	0.1	0.0	0.0	1	0	kept	0
2026-10-07T15:54:19 2026-10-07T15:53:58	time	many_pyramids	matched	avian-par	4	default	1	1	21.1	2.1	0.1	0.1	1	0	kept	0,1,2,3
2026-10-07T15:54:45 2026-10-07T15:54:29	time	many_pyramids	matched	avian-par	8	default	1	1	15.6	0.1	0.1	0.1	1	0	kept	0,1,2,3,4,5,6,7
2026-10-07T15:55:17 2026-10-07T15:54:55	time	many_pyramids	matched	avian-par	16	default	1	1	21.6	0.1	0.1	0.1	1	0	kept	0,1,2,3,4,5,6,7,8,9,10,11,12,13,14,15
2026-10-07T16:01:32 2026-10-07T15:55:27	time	keva	matched	jolt	1	default	1	1	365.2	0.0	0.0	0.1	7	0	kept	0
2026-10-07T16:03:47 2026-10-07T16:01:42	time	keva	matched	jolt	4	default	1	1	125.6	0.0	0.0	0.1	3	0	kept	0,1,2,3
2026-10-07T16:05:20 2026-10-07T16:03:57	time	keva	matched	jolt	8	default	1	1	82.6	0.1	0.1	0.1	2	0	kept	0,1,2,3,4,5,6,7
2026-10-07T16:06:41 2026-10-07T16:05:30	time	keva	matched	jolt	16	default	1	1	70.9	4.0	0.1	0.2	2	0	kept	0,1,2,3,4,5,6,7,8,9,10,11,12,13,14,15
2026-10-07T16:14:14 2026-10-07T16:06:51	time	keva	matched	jolt-4	1	default	1	1	442.8	0.1	0.1	0.1	8	0	kept	0
2026-10-07T16:16:52 2026-10-07T16:14:24	time	keva	matched	jolt-4	4	default	1	1	148.0	0.1	0.1	0.1	3	0	kept	0,1,2,3
2026-10-07T16:18:38 2026-10-07T16:17:02	time	keva	matched	jolt-4	8	default	1	1	96.3	3.8	0.3	0.5	2	0	kept	0,1,2,3,4,5,6,7
2026-10-07T16:20:09 2026-10-07T16:18:48	time	keva	matched	jolt-4	16	default	1	1	80.9	0.1	0.1	0.1	2	0	kept	0,1,2,3,4,5,6,7,8,9,10,11,12,13,14,15
2026-10-07T16:23:58 2026-10-07T16:20:19	time	keva	matched	rapier-par	1	default	1	1	219.0	0.1	0.1	0.1	4	0	kept	0
2026-10-07T16:25:52 2026-10-07T16:24:08	time	keva	matched	rapier-par	4	default	1	1	104.3	0.1	0.1	0.1	2	0	kept	0,1,2,3
2026-10-07T16:27:30 2026-10-07T16:26:02	time	keva	matched	rapier-par	8	default	1	1	88.1	0.1	0.1	0.1	2	0	kept	0,1,2,3,4,5,6,7
2026-10-07T16:28:59 2026-10-07T16:27:40	time	keva	matched	rapier-par	16	default	1	1	78.8	0.1	0.7	1.3	2	0	kept	0,1,2,3,4,5,6,7,8,9,10,11,12,13,14,15
2026-10-07T16:34:28 2026-10-07T16:29:09	time	keva	matched	avian-par	1	default	1	1	319.4	0.1	0.1	0.1	6	0	kept	0
2026-10-07T16:36:45 2026-10-07T16:34:38	time	keva	matched	avian-par	4	default	1	1	126.3	0.1	0.0	0.1	3	0	kept	0,1,2,3
2026-10-07T16:38:22 2026-10-07T16:36:55	time	keva	matched	avian-par	8	default	1	1	87.8	0.1	0.0	0.1	2	0	kept	0,1,2,3,4,5,6,7
2026-10-07T16:39:54 2026-10-07T16:38:32	time	keva	matched	avian-par	16	default	1	1	81.5	0.2	0.0	0.0	2	0	kept	0,1,2,3,4,5,6,7,8,9,10,11,12,13,14,15
2026-10-07T16:40:16 2026-10-07T16:40:04	time	joint_ball	matched	jolt	1	default	1	1	12.1	0.4	0.0	0.0	1	0	kept	0
2026-10-07T16:40:34 2026-10-07T16:40:26	time	joint_ball	matched	jolt	4	default	1	1	7.9	0.0	0.1	0.1	1	0	kept	0,1,2,3
2026-10-07T16:40:56 2026-10-07T16:40:44	time	joint_ball	matched	jolt	8	default	1	1	12.0	0.1	0.0	0.0	1	0	kept	0,1,2,3,4,5,6,7
2026-10-07T16:41:20 2026-10-07T16:41:06	time	joint_ball	matched	jolt	16	default	1	1	14.1	0.0	0.1	0.1	1	0	kept	0,1,2,3,4,5,6,7,8,9,10,11,12,13,14,15
2026-10-07T16:41:41 2026-10-07T16:41:30	time	joint_ball	matched	jolt-4	1	default	1	1	10.8	0.1	0.0	0.0	1	0	kept	0
2026-10-07T16:41:59 2026-10-07T16:41:51	time	joint_ball	matched	jolt-4	4	default	1	1	7.5	0.1	0.1	0.1	1	0	kept	0,1,2,3
2026-10-07T16:42:21 2026-10-07T16:42:09	time	joint_ball	matched	jolt-4	8	default	1	1	12.0	0.1	0.1	0.1	1	0	kept	0,1,2,3,4,5,6,7
2026-10-07T16:42:39 2026-10-07T16:42:31	time	joint_ball	matched	jolt-4	16	default	1	1	8.3	0.0	0.1	0.1	1	0	kept	0,1,2,3,4,5,6,7,8,9,10,11,12,13,14,15
2026-10-07T16:43:00 2026-10-07T16:42:49	time	joint_ball	matched	rapier-par	1	default	1	1	11.4	0.1	0.0	0.0	1	0	kept	0
2026-10-07T16:43:17 2026-10-07T16:43:10	time	joint_ball	matched	rapier-par	4	default	1	1	7.2	4.1	0.0	0.0	1	0	kept	0,1,2,3
2026-10-07T16:43:34 2026-10-07T16:43:27	time	joint_ball	matched	rapier-par	8	default	1	1	6.6	0.1	0.0	0.0	1	0	kept	0,1,2,3,4,5,6,7
2026-10-07T16:43:52 2026-10-07T16:43:44	time	joint_ball	matched	rapier-par	16	default	1	1	7.8	0.1	0.1	0.1	1	0	kept	0,1,2,3,4,5,6,7,8,9,10,11,12,13,14,15
2026-10-07T16:44:19 2026-10-07T16:44:02	time	joint_ball	matched	avian-par	1	default	1	1	17.1	0.1	0.1	0.1	1	0	kept	0
2026-10-07T16:44:43 2026-10-07T16:44:29	time	joint_ball	matched	avian-par	4	default	1	1	13.9	0.1	0.1	0.1	1	0	kept	0,1,2,3
2026-10-07T16:45:06 2026-10-07T16:44:53	time	joint_ball	matched	avian-par	8	default	1	1	13.2	0.1	0.2	0.2	1	0	kept	0,1,2,3,4,5,6,7
2026-10-07T16:45:31 2026-10-07T16:45:16	time	joint_ball	matched	avian-par	16	default	1	1	15.1	0.1	0.0	0.0	1	0	kept	0,1,2,3,4,5,6,7,8,9,10,11,12,13,14,15
2026-10-07T16:45:56 2026-10-07T16:45:41	time	joint_fixed	matched	jolt	1	default	1	1	14.5	0.1	3.6	3.6	1	0	kept	0
2026-10-07T16:46:13 2026-10-07T16:46:06	time	joint_fixed	matched	jolt	4	default	1	1	7.9	0.5	0.0	0.0	1	0	kept	0,1,2,3
2026-10-07T16:46:30 2026-10-07T16:46:23	time	joint_fixed	matched	jolt	8	default	1	1	6.7	0.1	0.0	0.0	1	0	kept	0,1,2,3,4,5,6,7
2026-10-07T16:46:47 2026-10-07T16:46:40	time	joint_fixed	matched	jolt	16	default	1	1	6.9	0.1	0.0	0.0	1	0	kept	0,1,2,3,4,5,6,7,8,9,10,11,12,13,14,15
2026-10-07T16:47:10 2026-10-07T16:46:57	time	joint_fixed	matched	jolt-4	1	default	1	1	13.0	0.1	0.0	0.0	1	0	kept	0
2026-10-07T16:47:28 2026-10-07T16:47:20	time	joint_fixed	matched	jolt-4	4	default	1	1	7.5	0.1	0.1	0.1	1	0	kept	0,1,2,3
2026-10-07T16:47:44 2026-10-07T16:47:38	time	joint_fixed	matched	jolt-4	8	default	1	1	6.4	0.1	0.0	0.0	1	0	kept	0,1,2,3,4,5,6,7
2026-10-07T16:48:01 2026-10-07T16:47:54	time	joint_fixed	matched	jolt-4	16	default	1	1	6.9	0.1	0.0	0.0	1	0	kept	0,1,2,3,4,5,6,7,8,9,10,11,12,13,14,15
2026-10-07T16:48:26 2026-10-07T16:48:11	time	joint_fixed	matched	rapier-par	1	default	1	1	15.3	0.1	0.0	0.0	1	0	kept	0
2026-10-07T16:48:45 2026-10-07T16:48:36	time	joint_fixed	matched	rapier-par	4	default	1	1	8.6	0.1	0.0	0.0	1	0	kept	0,1,2,3
2026-10-07T16:49:02 2026-10-07T16:48:55	time	joint_fixed	matched	rapier-par	8	default	1	1	7.4	4.0	0.1	0.1	1	0	kept	0,1,2,3,4,5,6,7
2026-10-07T16:49:21 2026-10-07T16:49:12	time	joint_fixed	matched	rapier-par	16	default	1	1	8.6	0.1	0.1	0.1	1	0	kept	0,1,2,3,4,5,6,7,8,9,10,11,12,13,14,15
2026-10-07T16:49:45 2026-10-07T16:49:31	time	joint_fixed	matched	avian-par	1	default	1	1	14.4	0.1	0.1	0.1	1	0	kept	0
2026-10-07T16:50:09 2026-10-07T16:49:55	time	joint_fixed	matched	avian-par	4	default	1	1	13.5	0.0	0.1	0.1	1	0	kept	0,1,2,3
2026-10-07T16:50:32 2026-10-07T16:50:19	time	joint_fixed	matched	avian-par	8	default	1	1	13.3	0.1	0.1	0.1	1	0	kept	0,1,2,3,4,5,6,7
2026-10-07T16:50:56 2026-10-07T16:50:42	time	joint_fixed	matched	avian-par	16	default	1	1	14.2	0.1	0.1	0.1	1	0	kept	0,1,2,3,4,5,6,7,8,9,10,11,12,13,14,15
2026-10-07T16:51:22 2026-10-07T16:51:06	time	joint_prismatic	matched	jolt	1	default	1	1	16.2	0.1	0.1	0.1	1	0	kept	0
2026-10-07T16:51:41 2026-10-07T16:51:32	time	joint_prismatic	matched	jolt	4	default	1	1	8.5	0.1	0.1	0.1	1	0	kept	0,1,2,3
2026-10-07T16:51:58 2026-10-07T16:51:51	time	joint_prismatic	matched	jolt	8	default	1	1	7.0	4.1	0.0	0.0	1	0	kept	0,1,2,3,4,5,6,7
2026-10-07T16:52:15 2026-10-07T16:52:08	time	joint_prismatic	matched	jolt	16	default	1	1	7.5	0.2	0.2	0.2	1	0	kept	0,1,2,3,4,5,6,7,8,9,10,11,12,13,14,15
2026-10-07T16:52:40 2026-10-07T16:52:25	time	joint_prismatic	matched	jolt-4	1	default	1	1	14.6	0.4	0.1	0.1	1	0	kept	0
2026-10-07T16:52:58 2026-10-07T16:52:50	time	joint_prismatic	matched	jolt-4	4	default	1	1	8.0	0.0	0.0	0.0	1	0	kept	0,1,2,3
2026-10-07T16:53:15 2026-10-07T16:53:08	time	joint_prismatic	matched	jolt-4	8	default	1	1	6.8	0.1	0.1	0.1	1	0	kept	0,1,2,3,4,5,6,7
2026-10-07T16:53:32 2026-10-07T16:53:25	time	joint_prismatic	matched	jolt-4	16	default	1	1	7.5	0.0	0.1	0.1	1	0	kept	0,1,2,3,4,5,6,7,8,9,10,11,12,13,14,15
2026-10-07T16:53:57 2026-10-07T16:53:42	time	joint_prismatic	matched	rapier-par	1	default	1	1	14.5	0.1	0.0	0.0	1	0	kept	0
2026-10-07T16:54:15 2026-10-07T16:54:07	time	joint_prismatic	matched	rapier-par	4	default	1	1	8.8	0.1	0.1	0.1	1	0	kept	0,1,2,3
2026-10-07T16:54:34 2026-10-07T16:54:25	time	joint_prismatic	matched	rapier-par	8	default	1	1	8.4	0.2	0.0	0.0	1	0	kept	0,1,2,3,4,5,6,7
2026-10-07T16:54:53 2026-10-07T16:54:44	time	joint_prismatic	matched	rapier-par	16	default	1	1	9.0	4.1	0.1	0.1	1	0	kept	0,1,2,3,4,5,6,7,8,9,10,11,12,13,14,15
2026-10-07T16:55:36 2026-10-07T16:55:03	time	joint_prismatic	matched	avian-par	1	default	1	1	33.4	0.4	0.1	0.1	1	0	kept	0
2026-10-07T16:56:09 2026-10-07T16:55:46	time	joint_prismatic	matched	avian-par	4	default	1	1	23.3	0.1	0.1	0.1	1	0	kept	0,1,2,3
2026-10-07T16:56:40 2026-10-07T16:56:19	time	joint_prismatic	matched	avian-par	8	default	1	1	21.0	0.0	0.1	0.1	1	0	kept	0,1,2,3,4,5,6,7
2026-10-07T16:57:15 2026-10-07T16:56:50	time	joint_prismatic	matched	avian-par	16	default	1	1	24.4	0.0	0.1	0.1	1	0	kept	0,1,2,3,4,5,6,7,8,9,10,11,12,13,14,15
2026-10-07T16:57:35 2026-10-07T16:57:25	time	joint_revolute	matched	jolt	1	default	1	1	9.8	0.1	0.0	0.0	1	0	kept	0
2026-10-07T16:57:51 2026-10-07T16:57:45	time	joint_revolute	matched	jolt	4	default	1	1	6.4	0.1	0.1	0.1	1	0	kept	0,1,2,3
2026-10-07T16:58:07 2026-10-07T16:58:01	time	joint_revolute	matched	jolt	8	default	1	1	5.8	0.1	0.0	0.0	1	0	kept	0,1,2,3,4,5,6,7
2026-10-07T16:58:23 2026-10-07T16:58:17	time	joint_revolute	matched	jolt	16	default	1	1	6.2	0.0	0.1	0.1	1	0	kept	0,1,2,3,4,5,6,7,8,9,10,11,12,13,14,15
2026-10-07T16:58:42 2026-10-07T16:58:33	time	joint_revolute	matched	jolt-4	1	default	1	1	8.9	0.0	0.1	0.1	1	0	kept	0
2026-10-07T16:58:58 2026-10-07T16:58:52	time	joint_revolute	matched	jolt-4	4	default	1	1	6.2	0.1	0.1	0.1	1	0	kept	0,1,2,3
2026-10-07T16:59:14 2026-10-07T16:59:08	time	joint_revolute	matched	jolt-4	8	default	1	1	5.7	0.0	0.0	0.0	1	0	kept	0,1,2,3,4,5,6,7
2026-10-07T16:59:30 2026-10-07T16:59:24	time	joint_revolute	matched	jolt-4	16	default	1	1	6.2	0.1	0.0	0.0	1	0	kept	0,1,2,3,4,5,6,7,8,9,10,11,12,13,14,15
2026-10-07T16:59:49 2026-10-07T16:59:40	time	joint_revolute	matched	rapier-par	1	default	1	1	9.0	0.1	0.0	0.0	1	0	kept	0
2026-10-07T17:00:06 2026-10-07T16:59:59	time	joint_revolute	matched	rapier-par	4	default	1	1	6.4	0.1	0.4	0.4	1	0	kept	0,1,2,3
2026-10-07T17:00:22 2026-10-07T17:00:16	time	joint_revolute	matched	rapier-par	8	default	1	1	6.0	0.1	2.0	2.0	1	0	kept	0,1,2,3,4,5,6,7
2026-10-07T17:00:39 2026-10-07T17:00:32	time	joint_revolute	matched	rapier-par	16	default	1	1	7.0	1.9	0.0	0.0	1	0	kept	0,1,2,3,4,5,6,7,8,9,10,11,12,13,14,15
2026-10-07T17:01:02 2026-10-07T17:00:49	time	joint_revolute	matched	avian-par	1	default	1	1	12.9	0.0	0.0	0.0	1	0	kept	0
2026-10-07T17:01:22 2026-10-07T17:01:12	time	joint_revolute	matched	avian-par	4	default	1	1	10.8	0.0	0.1	0.1	1	0	kept	0,1,2,3
2026-10-07T17:01:43 2026-10-07T17:01:32	time	joint_revolute	matched	avian-par	8	default	1	1	10.4	0.0	0.0	0.0	1	0	kept	0,1,2,3,4,5,6,7
2026-10-07T17:02:04 2026-10-07T17:01:53	time	joint_revolute	matched	avian-par	16	default	1	1	11.3	0.1	0.0	0.0	1	0	kept	0,1,2,3,4,5,6,7,8,9,10,11,12,13,14,15
2026-10-07T17:02:04 plan main repeat 1 done
2026-10-07T17:02:04 plan extras repeat 1; pinned CPUs [0, 1, 2, 3, 4, 5, 6, 7, 8, 9, 10, 11, 12, 13, 14, 15]
2026-10-07T17:02:21 2026-10-07T17:02:14	time	balls	matched	rapier-simd8	1	default	1	1	6.9	0.1	0.0	0.0	1	0	kept	0
2026-10-07T17:02:37 2026-10-07T17:02:31	time	balls	matched	rapier-simd8	4	default	1	1	5.8	0.1	0.2	0.2	1	0	kept	0,1,2,3
2026-10-07T17:02:54 2026-10-07T17:02:47	time	balls	matched	rapier-serial	1	default	1	1	7.1	0.1	0.1	0.1	1	0	kept	0
2026-10-07T17:03:14 2026-10-07T17:03:04	time	balls	matched	avian-serial	1	default	1	1	9.7	0.0	0.0	0.0	1	0	kept	0
2026-10-07T17:03:31 2026-10-07T17:03:24	time	balls	defaults	jolt	1	default	1	1	7.6	3.9	0.1	0.1	1	0	kept	0
2026-10-07T17:03:47 2026-10-07T17:03:41	time	balls	defaults	jolt	4	default	1	1	6.0	0.0	0.0	0.0	1	0	kept	0,1,2,3
2026-10-07T17:04:03 2026-10-07T17:03:57	time	balls	defaults	rapier-par	1	default	1	1	5.6	0.2	0.0	0.0	1	0	kept	0
2026-10-07T17:04:18 2026-10-07T17:04:13	time	balls	defaults	rapier-par	4	default	1	1	5.3	0.1	0.1	0.1	1	0	kept	0,1,2,3
2026-10-07T17:04:37 2026-10-07T17:04:28	time	balls	defaults	avian-par	1	default	1	1	8.7	0.0	0.1	0.1	1	0	kept	0
2026-10-07T17:04:54 2026-10-07T17:04:47	time	balls	defaults	avian-par	4	default	1	1	7.2	0.1	0.1	0.1	1	0	kept	0,1,2,3
2026-10-07T17:05:11 2026-10-07T17:05:04	time	boxes	matched	rapier-simd8	1	default	1	1	6.6	0.4	0.1	0.1	1	0	kept	0
2026-10-07T17:05:26 2026-10-07T17:05:21	time	boxes	matched	rapier-simd8	4	default	1	1	5.6	0.1	0.1	0.1	1	0	kept	0,1,2,3
2026-10-07T17:05:43 2026-10-07T17:05:36	time	boxes	matched	rapier-serial	1	default	1	1	7.0	0.1	0.1	0.1	1	0	kept	0
2026-10-07T17:06:05 2026-10-07T17:05:53	time	boxes	matched	avian-serial	1	default	1	1	11.6	0.1	0.1	0.1	1	0	kept	0
2026-10-07T17:06:22 2026-10-07T17:06:15	time	boxes	defaults	jolt	1	default	1	1	6.8	4.2	0.1	0.1	1	0	kept	0
2026-10-07T17:06:38 2026-10-07T17:06:32	time	boxes	defaults	jolt	4	default	1	1	5.7	0.2	0.1	0.1	1	0	kept	0,1,2,3
2026-10-07T17:06:53 2026-10-07T17:06:48	time	boxes	defaults	rapier-par	1	default	1	1	5.4	0.1	0.0	0.0	1	0	kept	0
2026-10-07T17:07:08 2026-10-07T17:07:03	time	boxes	defaults	rapier-par	4	default	1	1	5.2	0.1	0.0	0.0	1	0	kept	0,1,2,3
2026-10-07T17:07:32 2026-10-07T17:07:18	time	boxes	defaults	avian-par	1	default	1	1	14.0	0.1	0.1	0.1	1	0	kept	0
2026-10-07T17:07:52 2026-10-07T17:07:42	time	boxes	defaults	avian-par	4	default	1	1	10.0	0.1	0.0	0.0	1	0	kept	0,1,2,3
2026-10-07T17:08:10 2026-10-07T17:08:02	time	capsules	matched	rapier-simd8	1	default	1	1	7.5	0.1	0.1	0.1	1	0	kept	0
2026-10-07T17:08:26 2026-10-07T17:08:20	time	capsules	matched	rapier-simd8	4	default	1	1	6.0	0.2	0.0	0.0	1	0	kept	0,1,2,3
2026-10-07T17:08:43 2026-10-07T17:08:36	time	capsules	matched	rapier-serial	1	default	1	1	7.5	0.2	0.0	0.0	1	0	kept	0
2026-10-07T17:09:03 2026-10-07T17:08:53	time	capsules	matched	avian-serial	1	default	1	1	10.2	0.1	4.2	4.2	1	0	kept	0
2026-10-07T17:09:23 2026-10-07T17:09:13	time	capsules	defaults	jolt	1	default	1	1	9.2	0.0	0.1	0.1	1	0	kept	0
2026-10-07T17:09:39 2026-10-07T17:09:33	time	capsules	defaults	jolt	4	default	1	1	6.5	0.0	0.1	0.1	1	0	kept	0,1,2,3
2026-10-07T17:09:57 2026-10-07T17:09:49	time	capsules	defaults	rapier-par	1	default	1	1	7.8	0.1	0.0	0.0	1	0	kept	0
2026-10-07T17:10:13 2026-10-07T17:10:07	time	capsules	defaults	rapier-par	4	default	1	1	6.1	0.4	0.1	0.1	1	0	kept	0,1,2,3
2026-10-07T17:10:35 2026-10-07T17:10:23	time	capsules	defaults	avian-par	1	default	1	1	12.3	0.1	0.1	0.1	1	0	kept	0
2026-10-07T17:10:54 2026-10-07T17:10:45	time	capsules	defaults	avian-par	4	default	1	1	9.1	0.1	0.0	0.0	1	0	kept	0,1,2,3
2026-10-07T17:13:24 2026-10-07T17:11:04	time	pyramid	matched	rapier-simd8	1	default	1	1	140.1	0.1	0.0	0.1	3	0	kept	0
2026-10-07T17:14:39 2026-10-07T17:13:34	time	pyramid	matched	rapier-simd8	4	default	1	1	65.0	0.1	67.0	133.9	2	0	rerun	0,1,2,3
2026-10-07T17:15:54 2026-10-07T17:14:49	time	pyramid	matched	rapier-simd8	4	default	1	2	65.0	3.4	67.1	134.1	2	0	rerun	0,1,2,3
2026-10-07T17:17:09 2026-10-07T17:16:04	time	pyramid	matched	rapier-simd8	4	default	1	3	65.0	0.1	66.9	133.7	2	0	rerun	0,1,2,3
2026-10-07T17:18:25 2026-10-07T17:17:20	time	pyramid	matched	rapier-simd8	4	default	1	4	65.0	0.2	66.9	133.8	2	0	rerun	0,1,2,3
2026-10-07T17:19:40 2026-10-07T17:18:35	time	pyramid	matched	rapier-simd8	4	default	1	5	65.0	0.1	67.1	134.1	2	0	kept	0,1,2,3
2026-10-07T17:22:14 2026-10-07T17:19:50	time	pyramid	matched	rapier-serial	1	default	1	1	144.8	0.1	0.1	0.1	3	0	kept	0
2026-10-07T17:27:50 2026-10-07T17:22:24	time	pyramid	matched	avian-serial	1	default	1	1	325.9	0.1	0.7	3.9	6	0	kept	0
2026-10-07T17:32:20 2026-10-07T17:28:00	time	pyramid	defaults	jolt	1	default	1	1	259.8	0.1	0.1	0.1	5	0	kept	0
2026-10-07T17:34:09 2026-10-07T17:32:30	time	pyramid	defaults	jolt	4	default	1	1	98.5	0.1	0.1	0.1	2	0	kept	0,1,2,3
2026-10-07T17:36:46 2026-10-07T17:34:19	time	pyramid	defaults	rapier-par	1	default	1	1	147.1	0.1	0.0	0.1	3	0	kept	0
2026-10-07T17:38:04 2026-10-07T17:36:56	time	pyramid	defaults	rapier-par	4	default	1	1	68.5	0.1	0.9	1.7	2	0	kept	0,1,2,3
2026-10-07T17:45:19 2026-10-07T17:38:14	time	pyramid	defaults	avian-par	1	default	1	1	425.0	0.1	32.5	259.5	8	0	rerun	0
2026-10-07T17:52:28 2026-10-07T17:45:29	time	pyramid	defaults	avian-par	1	default	1	2	419.0	0.1	0.5	1.8	7	0	kept	0
2026-10-07T17:55:24 2026-10-07T17:52:38	time	pyramid	defaults	avian-par	4	default	1	1	166.0	0.1	0.0	0.1	3	0	kept	0,1,2,3
2026-10-07T17:55:53 2026-10-07T17:55:34	time	many_pyramids	matched	rapier-simd8	1	default	1	1	18.2	0.1	0.0	0.0	1	0	kept	0
2026-10-07T17:56:12 2026-10-07T17:56:03	time	many_pyramids	matched	rapier-simd8	4	default	1	1	9.8	0.1	0.1	0.1	1	0	kept	0,1,2,3
2026-10-07T17:56:42 2026-10-07T17:56:22	time	many_pyramids	matched	rapier-serial	1	default	1	1	19.3	0.1	0.0	0.0	1	0	kept	0
2026-10-07T17:57:37 2026-10-07T17:56:52	time	many_pyramids	matched	avian-serial	1	default	1	1	45.0	0.2	0.1	0.1	1	0	kept	0
2026-10-07T17:57:53 2026-10-07T17:57:47	time	many_pyramids	defaults	jolt	1	default	1	1	6.1	0.1	0.2	0.2	1	0	kept	0
2026-10-07T17:58:08 2026-10-07T17:58:03	time	many_pyramids	defaults	jolt	4	default	1	1	5.4	0.1	0.0	0.0	1	0	kept	0,1,2,3
2026-10-07T17:58:25 2026-10-07T17:58:18	time	many_pyramids	defaults	rapier-par	1	default	1	1	6.3	4.0	0.0	0.0	1	0	kept	0
2026-10-07T17:58:40 2026-10-07T17:58:35	time	many_pyramids	defaults	rapier-par	4	default	1	1	5.5	0.1	0.2	0.2	1	0	kept	0,1,2,3
2026-10-07T17:59:41 2026-10-07T17:58:50	time	many_pyramids	defaults	avian-par	1	default	1	1	51.4	0.1	0.1	0.1	1	0	kept	0
2026-10-07T18:00:14 2026-10-07T17:59:51	time	many_pyramids	defaults	avian-par	4	default	1	1	22.3	0.0	0.1	0.1	1	0	kept	0,1,2,3
2026-10-07T18:03:57 2026-10-07T18:00:24	time	keva	matched	rapier-simd8	1	default	1	1	213.0	0.1	0.6	2.1	4	0	kept	0
2026-10-07T18:05:40 2026-10-07T18:04:07	time	keva	matched	rapier-simd8	4	default	1	1	93.6	2.1	0.2	0.3	2	0	kept	0,1,2,3
2026-10-07T18:09:28 2026-10-07T18:05:50	time	keva	matched	rapier-serial	1	default	1	1	217.8	0.1	0.7	2.5	4	0	kept	0
2026-10-07T18:14:49 2026-10-07T18:09:38	time	keva	matched	avian-serial	1	default	1	1	311.2	0.2	0.7	3.7	6	0	kept	0
2026-10-07T18:21:04 2026-10-07T18:14:59	time	keva	defaults	jolt	1	default	1	1	365.0	0.1	31.9	223.3	7	0	rerun	0
2026-10-07T18:27:19 2026-10-07T18:21:14	time	keva	defaults	jolt	1	default	1	2	365.0	0.2	32.6	224.2	7	0	rerun	0
2026-10-07T18:33:34 2026-10-07T18:27:29	time	keva	defaults	jolt	1	default	1	3	365.0	0.2	32.0	223.7	7	0	rerun	0
2026-10-07T18:38:21 plan main repeat 1; pinned CPUs [0, 1, 2, 3, 4, 5, 6, 7, 8, 9, 10, 11, 12, 13, 14, 15]
2026-10-07T18:38:21 skip time-r1-jolt-balls-matched-t1: already in the results
2026-10-07T18:38:21 skip time-r1-jolt-balls-matched-t4: already in the results
2026-10-07T18:38:21 skip time-r1-jolt-balls-matched-t8: already in the results
2026-10-07T18:38:21 skip time-r1-jolt-balls-matched-t16: already in the results
2026-10-07T18:38:21 skip time-r1-jolt-4-balls-matched-t1: already in the results
2026-10-07T18:38:21 skip time-r1-jolt-4-balls-matched-t4: already in the results
2026-10-07T18:38:21 skip time-r1-jolt-4-balls-matched-t8: already in the results
2026-10-07T18:38:21 skip time-r1-jolt-4-balls-matched-t16: already in the results
2026-10-07T18:38:21 skip time-r1-rapier-par-balls-matched-t1: already in the results
2026-10-07T18:38:21 skip time-r1-rapier-par-balls-matched-t4: already in the results
2026-10-07T18:38:21 skip time-r1-rapier-par-balls-matched-t8: already in the results
2026-10-07T18:38:21 skip time-r1-rapier-par-balls-matched-t16: already in the results
2026-10-07T18:38:21 skip time-r1-avian-par-balls-matched-t1: already in the results
2026-10-07T18:38:21 skip time-r1-avian-par-balls-matched-t4: already in the results
2026-10-07T18:38:21 skip time-r1-avian-par-balls-matched-t8: already in the results
2026-10-07T18:38:21 skip time-r1-avian-par-balls-matched-t16: already in the results
2026-10-07T18:38:21 skip time-r1-jolt-boxes-matched-t1: already in the results
2026-10-07T18:38:21 skip time-r1-jolt-boxes-matched-t4: already in the results
2026-10-07T18:38:21 skip time-r1-jolt-boxes-matched-t8: already in the results
2026-10-07T18:38:21 skip time-r1-jolt-boxes-matched-t16: already in the results
2026-10-07T18:38:21 skip time-r1-jolt-4-boxes-matched-t1: already in the results
2026-10-07T18:38:21 skip time-r1-jolt-4-boxes-matched-t4: already in the results
2026-10-07T18:38:21 skip time-r1-jolt-4-boxes-matched-t8: already in the results
2026-10-07T18:38:21 skip time-r1-jolt-4-boxes-matched-t16: already in the results
2026-10-07T18:38:21 skip time-r1-rapier-par-boxes-matched-t1: already in the results
2026-10-07T18:38:21 skip time-r1-rapier-par-boxes-matched-t4: already in the results
2026-10-07T18:38:21 skip time-r1-rapier-par-boxes-matched-t8: already in the results
2026-10-07T18:38:21 skip time-r1-rapier-par-boxes-matched-t16: already in the results
2026-10-07T18:38:21 skip time-r1-avian-par-boxes-matched-t1: already in the results
2026-10-07T18:38:21 skip time-r1-avian-par-boxes-matched-t4: already in the results
2026-10-07T18:38:21 skip time-r1-avian-par-boxes-matched-t8: already in the results
2026-10-07T18:38:21 skip time-r1-avian-par-boxes-matched-t16: already in the results
2026-10-07T18:38:21 skip time-r1-jolt-capsules-matched-t1: already in the results
2026-10-07T18:38:21 skip time-r1-jolt-capsules-matched-t4: already in the results
2026-10-07T18:38:21 skip time-r1-jolt-capsules-matched-t8: already in the results
2026-10-07T18:38:21 skip time-r1-jolt-capsules-matched-t16: already in the results
2026-10-07T18:38:21 skip time-r1-jolt-4-capsules-matched-t1: already in the results
2026-10-07T18:38:21 skip time-r1-jolt-4-capsules-matched-t4: already in the results
2026-10-07T18:38:21 skip time-r1-jolt-4-capsules-matched-t8: already in the results
2026-10-07T18:38:21 skip time-r1-jolt-4-capsules-matched-t16: already in the results
2026-10-07T18:38:21 skip time-r1-rapier-par-capsules-matched-t1: already in the results
2026-10-07T18:38:21 skip time-r1-rapier-par-capsules-matched-t4: already in the results
2026-10-07T18:38:21 skip time-r1-rapier-par-capsules-matched-t8: already in the results
2026-10-07T18:38:21 skip time-r1-rapier-par-capsules-matched-t16: already in the results
2026-10-07T18:38:21 skip time-r1-avian-par-capsules-matched-t1: already in the results
2026-10-07T18:38:21 skip time-r1-avian-par-capsules-matched-t4: already in the results
2026-10-07T18:38:21 skip time-r1-avian-par-capsules-matched-t8: already in the results
2026-10-07T18:38:21 skip time-r1-avian-par-capsules-matched-t16: already in the results
2026-10-07T18:38:21 skip time-r1-jolt-pyramid-matched-t1: already in the results
2026-10-07T18:38:21 skip time-r1-jolt-pyramid-matched-t4: already in the results
2026-10-07T18:38:21 skip time-r1-jolt-pyramid-matched-t8: already in the results
2026-10-07T18:38:21 skip time-r1-jolt-pyramid-matched-t16: already in the results
2026-10-07T18:38:21 skip time-r1-jolt-4-pyramid-matched-t1: already in the results
2026-10-07T18:38:21 skip time-r1-jolt-4-pyramid-matched-t4: already in the results
2026-10-07T18:38:21 skip time-r1-jolt-4-pyramid-matched-t8: already in the results
2026-10-07T18:38:21 skip time-r1-jolt-4-pyramid-matched-t16: already in the results
2026-10-07T18:38:21 skip time-r1-rapier-par-pyramid-matched-t1: already in the results
2026-10-07T18:38:21 skip time-r1-rapier-par-pyramid-matched-t4: already in the results
2026-10-07T18:38:21 skip time-r1-rapier-par-pyramid-matched-t8: already in the results
2026-10-07T18:38:21 skip time-r1-rapier-par-pyramid-matched-t16: already in the results
2026-10-07T18:38:21 skip time-r1-avian-par-pyramid-matched-t1: already in the results
2026-10-07T18:38:21 skip time-r1-avian-par-pyramid-matched-t4: already in the results
2026-10-07T18:38:21 skip time-r1-avian-par-pyramid-matched-t8: already in the results
2026-10-07T18:38:21 skip time-r1-avian-par-pyramid-matched-t16: already in the results
2026-10-07T18:38:21 skip time-r1-jolt-many_pyramids-matched-t1: already in the results
2026-10-07T18:38:21 skip time-r1-jolt-many_pyramids-matched-t4: already in the results
2026-10-07T18:38:21 skip time-r1-jolt-many_pyramids-matched-t8: already in the results
2026-10-07T18:38:21 skip time-r1-jolt-many_pyramids-matched-t16: already in the results
2026-10-07T18:38:21 skip time-r1-jolt-4-many_pyramids-matched-t1: already in the results
2026-10-07T18:38:21 skip time-r1-jolt-4-many_pyramids-matched-t4: already in the results
2026-10-07T18:38:21 skip time-r1-jolt-4-many_pyramids-matched-t8: already in the results
2026-10-07T18:38:21 skip time-r1-jolt-4-many_pyramids-matched-t16: already in the results
2026-10-07T18:38:21 skip time-r1-rapier-par-many_pyramids-matched-t1: already in the results
2026-10-07T18:38:21 skip time-r1-rapier-par-many_pyramids-matched-t4: already in the results
2026-10-07T18:38:21 skip time-r1-rapier-par-many_pyramids-matched-t8: already in the results
2026-10-07T18:38:21 skip time-r1-rapier-par-many_pyramids-matched-t16: already in the results
2026-10-07T18:38:21 skip time-r1-avian-par-many_pyramids-matched-t1: already in the results
2026-10-07T18:38:21 skip time-r1-avian-par-many_pyramids-matched-t4: already in the results
2026-10-07T18:38:21 skip time-r1-avian-par-many_pyramids-matched-t8: already in the results
2026-10-07T18:38:21 skip time-r1-avian-par-many_pyramids-matched-t16: already in the results
2026-10-07T18:38:21 skip time-r1-jolt-keva-matched-t1: already in the results
2026-10-07T18:38:21 skip time-r1-jolt-keva-matched-t4: already in the results
2026-10-07T18:38:21 skip time-r1-jolt-keva-matched-t8: already in the results
2026-10-07T18:38:21 skip time-r1-jolt-keva-matched-t16: already in the results
2026-10-07T18:38:21 skip time-r1-jolt-4-keva-matched-t1: already in the results
2026-10-07T18:38:21 skip time-r1-jolt-4-keva-matched-t4: already in the results
2026-10-07T18:38:21 skip time-r1-jolt-4-keva-matched-t8: already in the results
2026-10-07T18:38:21 skip time-r1-jolt-4-keva-matched-t16: already in the results
2026-10-07T18:38:21 skip time-r1-rapier-par-keva-matched-t1: already in the results
2026-10-07T18:38:21 skip time-r1-rapier-par-keva-matched-t4: already in the results
2026-10-07T18:38:21 skip time-r1-rapier-par-keva-matched-t8: already in the results
2026-10-07T18:38:21 skip time-r1-rapier-par-keva-matched-t16: already in the results
2026-10-07T18:38:21 skip time-r1-avian-par-keva-matched-t1: already in the results
2026-10-07T18:38:21 skip time-r1-avian-par-keva-matched-t4: already in the results
2026-10-07T18:38:21 skip time-r1-avian-par-keva-matched-t8: already in the results
2026-10-07T18:38:21 skip time-r1-avian-par-keva-matched-t16: already in the results
2026-10-07T18:38:21 skip time-r1-jolt-joint_ball-matched-t1: already in the results
2026-10-07T18:38:21 skip time-r1-jolt-joint_ball-matched-t4: already in the results
2026-10-07T18:38:21 skip time-r1-jolt-joint_ball-matched-t8: already in the results
2026-10-07T18:38:21 skip time-r1-jolt-joint_ball-matched-t16: already in the results
2026-10-07T18:38:21 skip time-r1-jolt-4-joint_ball-matched-t1: already in the results
2026-10-07T18:38:21 skip time-r1-jolt-4-joint_ball-matched-t4: already in the results
2026-10-07T18:38:21 skip time-r1-jolt-4-joint_ball-matched-t8: already in the results
2026-10-07T18:38:21 skip time-r1-jolt-4-joint_ball-matched-t16: already in the results
2026-10-07T18:38:21 skip time-r1-rapier-par-joint_ball-matched-t1: already in the results
2026-10-07T18:38:21 skip time-r1-rapier-par-joint_ball-matched-t4: already in the results
2026-10-07T18:38:21 skip time-r1-rapier-par-joint_ball-matched-t8: already in the results
2026-10-07T18:38:21 skip time-r1-rapier-par-joint_ball-matched-t16: already in the results
2026-10-07T18:38:21 skip time-r1-avian-par-joint_ball-matched-t1: already in the results
2026-10-07T18:38:21 skip time-r1-avian-par-joint_ball-matched-t4: already in the results
2026-10-07T18:38:21 skip time-r1-avian-par-joint_ball-matched-t8: already in the results
2026-10-07T18:38:21 skip time-r1-avian-par-joint_ball-matched-t16: already in the results
2026-10-07T18:38:21 skip time-r1-jolt-joint_fixed-matched-t1: already in the results
2026-10-07T18:38:21 skip time-r1-jolt-joint_fixed-matched-t4: already in the results
2026-10-07T18:38:21 skip time-r1-jolt-joint_fixed-matched-t8: already in the results
2026-10-07T18:38:21 skip time-r1-jolt-joint_fixed-matched-t16: already in the results
2026-10-07T18:38:21 skip time-r1-jolt-4-joint_fixed-matched-t1: already in the results
2026-10-07T18:38:21 skip time-r1-jolt-4-joint_fixed-matched-t4: already in the results
2026-10-07T18:38:21 skip time-r1-jolt-4-joint_fixed-matched-t8: already in the results
2026-10-07T18:38:21 skip time-r1-jolt-4-joint_fixed-matched-t16: already in the results
2026-10-07T18:38:21 skip time-r1-rapier-par-joint_fixed-matched-t1: already in the results
2026-10-07T18:38:21 skip time-r1-rapier-par-joint_fixed-matched-t4: already in the results
2026-10-07T18:38:21 skip time-r1-rapier-par-joint_fixed-matched-t8: already in the results
2026-10-07T18:38:21 skip time-r1-rapier-par-joint_fixed-matched-t16: already in the results
2026-10-07T18:38:21 skip time-r1-avian-par-joint_fixed-matched-t1: already in the results
2026-10-07T18:38:21 skip time-r1-avian-par-joint_fixed-matched-t4: already in the results
2026-10-07T18:38:21 skip time-r1-avian-par-joint_fixed-matched-t8: already in the results
2026-10-07T18:38:21 skip time-r1-avian-par-joint_fixed-matched-t16: already in the results
2026-10-07T18:38:21 skip time-r1-jolt-joint_prismatic-matched-t1: already in the results
2026-10-07T18:38:21 skip time-r1-jolt-joint_prismatic-matched-t4: already in the results
2026-10-07T18:38:21 skip time-r1-jolt-joint_prismatic-matched-t8: already in the results
2026-10-07T18:38:21 skip time-r1-jolt-joint_prismatic-matched-t16: already in the results
2026-10-07T18:38:21 skip time-r1-jolt-4-joint_prismatic-matched-t1: already in the results
2026-10-07T18:38:21 skip time-r1-jolt-4-joint_prismatic-matched-t4: already in the results
2026-10-07T18:38:21 skip time-r1-jolt-4-joint_prismatic-matched-t8: already in the results
2026-10-07T18:38:21 skip time-r1-jolt-4-joint_prismatic-matched-t16: already in the results
2026-10-07T18:38:21 skip time-r1-rapier-par-joint_prismatic-matched-t1: already in the results
2026-10-07T18:38:21 skip time-r1-rapier-par-joint_prismatic-matched-t4: already in the results
2026-10-07T18:38:21 skip time-r1-rapier-par-joint_prismatic-matched-t8: already in the results
2026-10-07T18:38:21 skip time-r1-rapier-par-joint_prismatic-matched-t16: already in the results
2026-10-07T18:38:21 skip time-r1-avian-par-joint_prismatic-matched-t1: already in the results
2026-10-07T18:38:21 skip time-r1-avian-par-joint_prismatic-matched-t4: already in the results
2026-10-07T18:38:21 skip time-r1-avian-par-joint_prismatic-matched-t8: already in the results
2026-10-07T18:38:21 skip time-r1-avian-par-joint_prismatic-matched-t16: already in the results
2026-10-07T18:38:21 skip time-r1-jolt-joint_revolute-matched-t1: already in the results
2026-10-07T18:38:21 skip time-r1-jolt-joint_revolute-matched-t4: already in the results
2026-10-07T18:38:21 skip time-r1-jolt-joint_revolute-matched-t8: already in the results
2026-10-07T18:38:21 skip time-r1-jolt-joint_revolute-matched-t16: already in the results
2026-10-07T18:38:21 skip time-r1-jolt-4-joint_revolute-matched-t1: already in the results
2026-10-07T18:38:21 skip time-r1-jolt-4-joint_revolute-matched-t4: already in the results
2026-10-07T18:38:21 skip time-r1-jolt-4-joint_revolute-matched-t8: already in the results
2026-10-07T18:38:21 skip time-r1-jolt-4-joint_revolute-matched-t16: already in the results
2026-10-07T18:38:21 skip time-r1-rapier-par-joint_revolute-matched-t1: already in the results
2026-10-07T18:38:21 skip time-r1-rapier-par-joint_revolute-matched-t4: already in the results
2026-10-07T18:38:21 skip time-r1-rapier-par-joint_revolute-matched-t8: already in the results
2026-10-07T18:38:21 skip time-r1-rapier-par-joint_revolute-matched-t16: already in the results
2026-10-07T18:38:21 skip time-r1-avian-par-joint_revolute-matched-t1: already in the results
2026-10-07T18:38:21 skip time-r1-avian-par-joint_revolute-matched-t4: already in the results
2026-10-07T18:38:21 skip time-r1-avian-par-joint_revolute-matched-t8: already in the results
2026-10-07T18:38:21 skip time-r1-avian-par-joint_revolute-matched-t16: already in the results
2026-10-07T18:38:21 plan main repeat 1 done
2026-10-07T18:38:21 plan extras repeat 1; pinned CPUs [0, 1, 2, 3, 4, 5, 6, 7, 8, 9, 10, 11, 12, 13, 14, 15]
2026-10-07T18:38:21 skip time-r1-rapier-simd8-balls-matched-t1: already in the results
2026-10-07T18:38:21 skip time-r1-rapier-simd8-balls-matched-t4: already in the results
2026-10-07T18:38:21 skip time-r1-rapier-serial-balls-matched-t1: already in the results
2026-10-07T18:38:21 skip time-r1-avian-serial-balls-matched-t1: already in the results
2026-10-07T18:38:21 skip time-r1-jolt-balls-defaults-t1: already in the results
2026-10-07T18:38:21 skip time-r1-jolt-balls-defaults-t4: already in the results
2026-10-07T18:38:21 skip time-r1-rapier-par-balls-defaults-t1: already in the results
2026-10-07T18:38:21 skip time-r1-rapier-par-balls-defaults-t4: already in the results
2026-10-07T18:38:21 skip time-r1-avian-par-balls-defaults-t1: already in the results
2026-10-07T18:38:21 skip time-r1-avian-par-balls-defaults-t4: already in the results
2026-10-07T18:38:21 skip time-r1-rapier-simd8-boxes-matched-t1: already in the results
2026-10-07T18:38:21 skip time-r1-rapier-simd8-boxes-matched-t4: already in the results
2026-10-07T18:38:21 skip time-r1-rapier-serial-boxes-matched-t1: already in the results
2026-10-07T18:38:21 skip time-r1-avian-serial-boxes-matched-t1: already in the results
2026-10-07T18:38:21 skip time-r1-jolt-boxes-defaults-t1: already in the results
2026-10-07T18:38:21 skip time-r1-jolt-boxes-defaults-t4: already in the results
2026-10-07T18:38:21 skip time-r1-rapier-par-boxes-defaults-t1: already in the results
2026-10-07T18:38:21 skip time-r1-rapier-par-boxes-defaults-t4: already in the results
2026-10-07T18:38:21 skip time-r1-avian-par-boxes-defaults-t1: already in the results
2026-10-07T18:38:21 skip time-r1-avian-par-boxes-defaults-t4: already in the results
2026-10-07T18:38:21 skip time-r1-rapier-simd8-capsules-matched-t1: already in the results
2026-10-07T18:38:21 skip time-r1-rapier-simd8-capsules-matched-t4: already in the results
2026-10-07T18:38:21 skip time-r1-rapier-serial-capsules-matched-t1: already in the results
2026-10-07T18:38:21 skip time-r1-avian-serial-capsules-matched-t1: already in the results
2026-10-07T18:38:21 skip time-r1-jolt-capsules-defaults-t1: already in the results
2026-10-07T18:38:21 skip time-r1-jolt-capsules-defaults-t4: already in the results
2026-10-07T18:38:21 skip time-r1-rapier-par-capsules-defaults-t1: already in the results
2026-10-07T18:38:21 skip time-r1-rapier-par-capsules-defaults-t4: already in the results
2026-10-07T18:38:21 skip time-r1-avian-par-capsules-defaults-t1: already in the results
2026-10-07T18:38:21 skip time-r1-avian-par-capsules-defaults-t4: already in the results
2026-10-07T18:38:21 skip time-r1-rapier-simd8-pyramid-matched-t1: already in the results
2026-10-07T18:38:21 skip time-r1-rapier-simd8-pyramid-matched-t4: already in the results
2026-10-07T18:38:21 skip time-r1-rapier-serial-pyramid-matched-t1: already in the results
2026-10-07T18:38:21 skip time-r1-avian-serial-pyramid-matched-t1: already in the results
2026-10-07T18:38:21 skip time-r1-jolt-pyramid-defaults-t1: already in the results
2026-10-07T18:38:21 skip time-r1-jolt-pyramid-defaults-t4: already in the results
2026-10-07T18:38:21 skip time-r1-rapier-par-pyramid-defaults-t1: already in the results
2026-10-07T18:38:21 skip time-r1-rapier-par-pyramid-defaults-t4: already in the results
2026-10-07T18:38:21 skip time-r1-avian-par-pyramid-defaults-t1: already in the results
2026-10-07T18:38:21 skip time-r1-avian-par-pyramid-defaults-t4: already in the results
2026-10-07T18:38:21 skip time-r1-rapier-simd8-many_pyramids-matched-t1: already in the results
2026-10-07T18:38:21 skip time-r1-rapier-simd8-many_pyramids-matched-t4: already in the results
2026-10-07T18:38:21 skip time-r1-rapier-serial-many_pyramids-matched-t1: already in the results
2026-10-07T18:38:21 skip time-r1-avian-serial-many_pyramids-matched-t1: already in the results
2026-10-07T18:38:21 skip time-r1-jolt-many_pyramids-defaults-t1: already in the results
2026-10-07T18:38:21 skip time-r1-jolt-many_pyramids-defaults-t4: already in the results
2026-10-07T18:38:21 skip time-r1-rapier-par-many_pyramids-defaults-t1: already in the results
2026-10-07T18:38:21 skip time-r1-rapier-par-many_pyramids-defaults-t4: already in the results
2026-10-07T18:38:21 skip time-r1-avian-par-many_pyramids-defaults-t1: already in the results
2026-10-07T18:38:21 skip time-r1-avian-par-many_pyramids-defaults-t4: already in the results
2026-10-07T18:38:21 skip time-r1-rapier-simd8-keva-matched-t1: already in the results
2026-10-07T18:38:21 skip time-r1-rapier-simd8-keva-matched-t4: already in the results
2026-10-07T18:38:21 skip time-r1-rapier-serial-keva-matched-t1: already in the results
2026-10-07T18:38:21 skip time-r1-avian-serial-keva-matched-t1: already in the results
2026-10-07T18:44:41 2026-10-07T18:38:31	time	keva	defaults	jolt	1	default	1	1	370.0	0.1	0.3	2.0	7	0	kept	0
2026-10-07T18:47:01 2026-10-07T18:44:51	time	keva	defaults	jolt	4	default	1	1	130.0	0.1	0.0	0.1	3	0	kept	0,1,2,3
2026-10-07T18:50:50 2026-10-07T18:47:11	time	keva	defaults	rapier-par	1	default	1	1	218.2	0.1	0.5	1.7	4	0	kept	0
2026-10-07T18:52:43 2026-10-07T18:51:00	time	keva	defaults	rapier-par	4	default	1	1	103.4	0.2	0.1	0.1	2	0	kept	0,1,2,3
2026-10-07T19:00:17 2026-10-07T18:52:53	time	keva	defaults	avian-par	1	default	1	1	444.4	0.1	0.5	3.7	8	0	kept	0
2026-10-07T19:03:20 2026-10-07T19:00:27	time	keva	defaults	avian-par	4	default	1	1	172.6	0.0	0.1	0.1	3	0	kept	0,1,2,3
2026-10-07T19:03:40 2026-10-07T19:03:30	time	joint_ball	matched	rapier-simd8	1	default	1	1	10.3	0.1	0.1	0.1	1	0	kept	0
2026-10-07T19:03:57 2026-10-07T19:03:50	time	joint_ball	matched	rapier-simd8	4	default	1	1	6.9	0.1	0.1	0.1	1	0	kept	0,1,2,3
2026-10-07T19:04:18 2026-10-07T19:04:07	time	joint_ball	matched	rapier-serial	1	default	1	1	11.1	0.0	0.1	0.1	1	0	kept	0
2026-10-07T19:04:45 2026-10-07T19:04:28	time	joint_ball	matched	avian-serial	1	default	1	1	16.7	0.1	0.1	0.1	1	0	kept	0
2026-10-07T19:05:07 2026-10-07T19:04:55	time	joint_ball	defaults	jolt	1	default	1	1	12.0	0.0	0.3	0.3	1	0	kept	0
2026-10-07T19:05:25 2026-10-07T19:05:17	time	joint_ball	defaults	jolt	4	default	1	1	8.0	0.1	0.0	0.0	1	0	kept	0,1,2,3
2026-10-07T19:05:47 2026-10-07T19:05:35	time	joint_ball	defaults	rapier-par	1	default	1	1	11.8	0.1	0.0	0.0	1	0	kept	0
2026-10-07T19:06:04 2026-10-07T19:05:57	time	joint_ball	defaults	rapier-par	4	default	1	1	7.4	0.1	0.1	0.1	1	0	kept	0,1,2,3
2026-10-07T19:06:30 2026-10-07T19:06:14	time	joint_ball	defaults	avian-par	1	default	1	1	15.7	0.1	0.0	0.0	1	0	kept	0
2026-10-07T19:06:54 2026-10-07T19:06:40	time	joint_ball	defaults	avian-par	4	default	1	1	13.5	0.1	0.0	0.0	1	0	kept	0,1,2,3
2026-10-07T19:07:17 2026-10-07T19:07:04	time	joint_fixed	matched	rapier-simd8	1	default	1	1	13.1	0.1	0.1	0.1	1	0	kept	0
2026-10-07T19:07:35 2026-10-07T19:07:27	time	joint_fixed	matched	rapier-simd8	4	default	1	1	8.0	0.0	4.0	4.0	1	0	kept	0,1,2,3
2026-10-07T19:08:00 2026-10-07T19:07:45	time	joint_fixed	matched	rapier-serial	1	default	1	1	15.2	0.1	0.1	0.1	1	0	kept	0
2026-10-07T19:08:24 2026-10-07T19:08:10	time	joint_fixed	matched	avian-serial	1	default	1	1	13.9	0.4	0.0	0.0	1	0	kept	0
2026-10-07T19:08:48 2026-10-07T19:08:34	time	joint_fixed	defaults	jolt	1	default	1	1	14.6	0.1	0.1	0.1	1	0	kept	0
2026-10-07T19:09:06 2026-10-07T19:08:58	time	joint_fixed	defaults	jolt	4	default	1	1	7.9	0.3	0.2	0.2	1	0	kept	0,1,2,3
2026-10-07T19:09:27 2026-10-07T19:09:16	time	joint_fixed	defaults	rapier-par	1	default	1	1	11.0	0.1	0.1	0.1	1	0	kept	0
2026-10-07T19:09:44 2026-10-07T19:09:37	time	joint_fixed	defaults	rapier-par	4	default	1	1	7.1	0.2	0.1	0.1	1	0	kept	0,1,2,3
2026-10-07T19:10:11 2026-10-07T19:09:54	time	joint_fixed	defaults	avian-par	1	default	1	1	17.3	0.1	0.1	0.1	1	0	kept	0
2026-10-07T19:10:38 2026-10-07T19:10:21	time	joint_fixed	defaults	avian-par	4	default	1	1	16.4	0.1	0.0	0.0	1	0	kept	0,1,2,3
2026-10-07T19:11:01 2026-10-07T19:10:48	time	joint_prismatic	matched	rapier-simd8	1	default	1	1	13.4	0.0	0.1	0.1	1	0	kept	0
2026-10-07T19:11:20 2026-10-07T19:11:11	time	joint_prismatic	matched	rapier-simd8	4	default	1	1	8.3	0.1	0.1	0.1	1	0	kept	0,1,2,3
2026-10-07T19:11:44 2026-10-07T19:11:30	time	joint_prismatic	matched	rapier-serial	1	default	1	1	14.4	0.1	0.2	0.2	1	0	kept	0
2026-10-07T19:12:26 2026-10-07T19:11:54	time	joint_prismatic	matched	avian-serial	1	default	1	1	32.2	0.1	0.0	0.0	1	0	kept	0
2026-10-07T19:12:53 2026-10-07T19:12:36	time	joint_prismatic	defaults	jolt	1	default	1	1	16.4	0.1	0.1	0.1	1	0	kept	0
2026-10-07T19:13:11 2026-10-07T19:13:03	time	joint_prismatic	defaults	jolt	4	default	1	1	8.5	0.1	0.0	0.0	1	0	kept	0,1,2,3
2026-10-07T19:13:36 2026-10-07T19:13:21	time	joint_prismatic	defaults	rapier-par	1	default	1	1	15.0	4.0	0.0	0.0	1	0	kept	0
2026-10-07T19:13:55 2026-10-07T19:13:46	time	joint_prismatic	defaults	rapier-par	4	default	1	1	8.9	0.0	0.2	0.2	1	0	kept	0,1,2,3
2026-10-07T19:14:43 2026-10-07T19:14:05	time	joint_prismatic	defaults	avian-par	1	default	1	1	38.1	0.1	0.1	0.1	1	0	kept	0
2026-10-07T19:15:20 2026-10-07T19:14:53	time	joint_prismatic	defaults	avian-par	4	default	1	1	26.4	0.1	0.0	0.0	1	0	kept	0,1,2,3
2026-10-07T19:15:38 2026-10-07T19:15:30	time	joint_revolute	matched	rapier-simd8	1	default	1	1	8.3	0.1	0.0	0.0	1	0	kept	0
2026-10-07T19:15:54 2026-10-07T19:15:48	time	joint_revolute	matched	rapier-simd8	4	default	1	1	6.2	0.1	0.0	0.0	1	0	kept	0,1,2,3
2026-10-07T19:16:13 2026-10-07T19:16:04	time	joint_revolute	matched	rapier-serial	1	default	1	1	9.0	0.1	3.6	3.6	1	0	kept	0
2026-10-07T19:16:35 2026-10-07T19:16:23	time	joint_revolute	matched	avian-serial	1	default	1	1	12.3	0.6	0.1	0.1	1	0	kept	0
2026-10-07T19:16:55 2026-10-07T19:16:45	time	joint_revolute	defaults	jolt	1	default	1	1	9.7	0.1	0.0	0.0	1	0	kept	0
2026-10-07T19:17:12 2026-10-07T19:17:05	time	joint_revolute	defaults	jolt	4	default	1	1	6.4	0.1	0.0	0.0	1	0	kept	0,1,2,3
2026-10-07T19:17:31 2026-10-07T19:17:22	time	joint_revolute	defaults	rapier-par	1	default	1	1	9.9	0.1	0.1	0.1	1	0	kept	0
2026-10-07T19:17:48 2026-10-07T19:17:41	time	joint_revolute	defaults	rapier-par	4	default	1	1	6.7	0.1	0.0	0.0	1	0	kept	0,1,2,3
2026-10-07T19:18:40 2026-10-07T19:17:58	time	joint_revolute	defaults	avian-par	1	default	1	1	41.7	0.0	0.1	0.1	1	0	kept	0
2026-10-07T19:19:16 2026-10-07T19:18:50	time	joint_revolute	defaults	avian-par	4	default	1	1	26.6	0.1	0.1	0.1	1	0	kept	0,1,2,3
2026-10-07T19:19:16 plan extras repeat 1 done
2026-10-07T19:19:16 plan split repeat 1; pinned CPUs [0, 1, 2, 3, 4, 5, 6, 7, 8, 9, 10, 11, 12, 13, 14, 15]
2026-10-07T19:19:37 2026-10-07T19:19:26	split	balls	matched	avian-par	1	default	1	1	10.3	0.1	0.0	0.0	1	0	kept	0
2026-10-07T19:19:54 2026-10-07T19:19:47	split	balls	matched	avian-par	4	default	1	1	7.5	0.1	0.1	0.1	1	0	kept	0,1,2,3
2026-10-07T19:20:16 2026-10-07T19:20:04	split	boxes	matched	avian-par	1	default	1	1	12.0	0.9	0.1	0.1	1	0	kept	0
2026-10-07T19:20:35 2026-10-07T19:20:26	split	boxes	matched	avian-par	4	default	1	1	8.9	0.0	0.0	0.0	1	0	kept	0,1,2,3
2026-10-07T19:20:56 2026-10-07T19:20:45	split	capsules	matched	avian-par	1	default	1	1	10.7	0.1	0.0	0.0	1	0	kept	0
2026-10-07T19:21:14 2026-10-07T19:21:06	split	capsules	matched	avian-par	4	default	1	1	8.1	0.4	0.1	0.1	1	0	kept	0,1,2,3
2026-10-07T19:26:55 2026-10-07T19:21:24	split	pyramid	matched	avian-par	1	default	1	1	330.9	0.0	0.1	0.2	6	0	kept	0
2026-10-07T19:29:19 2026-10-07T19:27:05	split	pyramid	matched	avian-par	4	default	1	1	134.4	0.1	0.1	0.2	3	0	kept	0,1,2,3
2026-10-07T19:30:16 2026-10-07T19:29:29	split	many_pyramids	matched	avian-par	1	default	1	1	46.3	0.1	0.1	0.1	1	0	kept	0
2026-10-07T19:30:47 2026-10-07T19:30:26	split	many_pyramids	matched	avian-par	4	default	1	1	21.5	0.1	0.1	0.1	1	0	kept	0,1,2,3
2026-10-07T19:36:14 2026-10-07T19:30:57	split	keva	matched	avian-par	1	default	1	1	316.5	0.1	0.0	0.1	6	0	kept	0
2026-10-07T19:38:29 2026-10-07T19:36:24	split	keva	matched	avian-par	4	default	1	1	125.6	0.1	0.1	0.1	3	0	kept	0,1,2,3
2026-10-07T19:38:56 2026-10-07T19:38:39	split	joint_ball	matched	avian-par	1	default	1	1	17.3	0.1	0.0	0.0	1	0	kept	0
2026-10-07T19:39:20 2026-10-07T19:39:06	split	joint_ball	matched	avian-par	4	default	1	1	13.9	0.6	3.2	3.2	1	0	kept	0,1,2,3
2026-10-07T19:39:45 2026-10-07T19:39:30	split	joint_fixed	matched	avian-par	1	default	1	1	14.5	0.9	0.1	0.1	1	0	kept	0
2026-10-07T19:40:08 2026-10-07T19:39:55	split	joint_fixed	matched	avian-par	4	default	1	1	13.5	0.0	0.1	0.1	1	0	kept	0,1,2,3
2026-10-07T19:40:52 2026-10-07T19:40:18	split	joint_prismatic	matched	avian-par	1	default	1	1	33.5	0.1	0.0	0.0	1	0	kept	0
2026-10-07T19:41:25 2026-10-07T19:41:02	split	joint_prismatic	matched	avian-par	4	default	1	1	23.3	0.1	0.1	0.1	1	0	kept	0,1,2,3
2026-10-07T19:41:48 2026-10-07T19:41:35	split	joint_revolute	matched	avian-par	1	default	1	1	12.9	0.1	0.1	0.1	1	0	kept	0
2026-10-07T19:42:09 2026-10-07T19:41:58	split	joint_revolute	matched	avian-par	4	default	1	1	10.8	0.1	0.0	0.0	1	0	kept	0,1,2,3
2026-10-07T19:42:09 plan split repeat 1 done
2026-10-07T19:42:09 plan sweep repeat 1; pinned CPUs [0, 1, 2, 3, 4, 5, 6, 7, 8, 9, 10, 11, 12, 13, 14, 15]
2026-10-07T19:42:28 2026-10-07T19:42:19	sweep	many_pyramids	matched	jolt	4	2	1	1	9.5	3.4	0.0	0.0	1	0	kept	0,1,2,3
2026-10-07T19:42:48 2026-10-07T19:42:38	sweep	many_pyramids	matched	rapier-par	4	2	1	1	9.3	0.1	0.0	0.0	1	0	kept	0,1,2,3
2026-10-07T19:43:15 2026-10-07T19:42:58	sweep	many_pyramids	matched	avian-par	4	2	1	1	17.6	0.1	0.1	0.1	1	0	kept	0,1,2,3
2026-10-07T19:43:34 2026-10-07T19:43:25	sweep	many_pyramids	matched	jolt	4	4	1	1	8.7	0.1	0.0	0.0	1	0	kept	0,1,2,3
2026-10-07T19:43:54 2026-10-07T19:43:44	sweep	many_pyramids	matched	rapier-par	4	4	1	1	10.1	0.0	0.0	0.0	1	0	kept	0,1,2,3
2026-10-07T19:44:25 2026-10-07T19:44:04	sweep	many_pyramids	matched	avian-par	4	4	1	1	21.2	0.1	0.0	0.0	1	0	kept	0,1,2,3
2026-10-07T19:44:45 2026-10-07T19:44:35	sweep	many_pyramids	matched	jolt	4	8	1	1	9.6	0.1	0.1	0.1	1	0	kept	0,1,2,3
2026-10-07T19:45:07 2026-10-07T19:44:55	sweep	many_pyramids	matched	rapier-par	4	8	1	1	11.6	0.1	2.5	2.5	1	0	kept	0,1,2,3
2026-10-07T19:45:45 2026-10-07T19:45:17	sweep	many_pyramids	matched	avian-par	4	8	1	1	28.0	1.8	0.1	0.1	1	0	kept	0,1,2,3
2026-10-07T19:46:00 2026-10-07T19:45:55	sweep	joint_revolute	matched	jolt	4	2	1	1	5.6	0.0	0.1	0.1	1	1	kept	0,1,2,3
2026-10-07T19:46:16 2026-10-07T19:46:10	sweep	joint_revolute	matched	rapier-par	4	2	1	1	6.0	0.1	0.1	0.1	1	0	kept	0,1,2,3
2026-10-07T19:46:35 2026-10-07T19:46:26	sweep	joint_revolute	matched	avian-par	4	2	1	1	8.9	0.2	0.0	0.0	1	0	kept	0,1,2,3
2026-10-07T19:46:51 2026-10-07T19:46:45	sweep	joint_revolute	matched	jolt	4	4	1	1	6.2	0.1	0.1	0.1	1	0	kept	0,1,2,3
2026-10-07T19:47:08 2026-10-07T19:47:01	sweep	joint_revolute	matched	rapier-par	4	4	1	1	6.4	0.1	0.0	0.0	1	0	kept	0,1,2,3
2026-10-07T19:47:29 2026-10-07T19:47:18	sweep	joint_revolute	matched	avian-par	4	4	1	1	10.8	0.1	0.2	0.2	1	0	kept	0,1,2,3
2026-10-07T19:47:45 2026-10-07T19:47:39	sweep	joint_revolute	matched	jolt	4	8	1	1	6.3	0.1	0.2	0.2	1	0	kept	0,1,2,3
2026-10-07T19:48:02 2026-10-07T19:47:55	sweep	joint_revolute	matched	rapier-par	4	8	1	1	7.3	0.0	4.1	4.1	1	0	kept	0,1,2,3
2026-10-07T19:48:27 2026-10-07T19:48:12	sweep	joint_revolute	matched	avian-par	4	8	1	1	14.5	0.1	0.0	0.0	1	0	kept	0,1,2,3
2026-10-07T19:48:27 plan sweep repeat 1 done
2026-10-07T19:48:27 plan main repeat 2; pinned CPUs [0, 1, 2, 3, 4, 5, 6, 7, 8, 9, 10, 11, 12, 13, 14, 15]
2026-10-07T19:48:44 2026-10-07T19:48:37	time	balls	matched	jolt-4	1	default	2	1	7.6	0.1	0.1	0.1	1	0	kept	0
2026-10-07T19:49:00 2026-10-07T19:48:54	time	balls	matched	jolt-4	4	default	2	1	6.0	0.1	0.1	0.1	1	0	kept	0,1,2,3
2026-10-07T19:49:16 2026-10-07T19:49:10	time	balls	matched	jolt-4	8	default	2	1	5.8	0.1	0.0	0.0	1	0	kept	0,1,2,3,4,5,6,7
2026-10-07T19:49:32 2026-10-07T19:49:26	time	balls	matched	jolt-4	16	default	2	1	6.1	0.1	0.1	0.1	1	0	kept	0,1,2,3,4,5,6,7,8,9,10,11,12,13,14,15
2026-10-07T19:49:49 2026-10-07T19:49:42	time	balls	matched	rapier-par	1	default	2	1	7.1	0.1	0.0	0.0	1	0	kept	0
2026-10-07T19:50:05 2026-10-07T19:49:59	time	balls	matched	rapier-par	4	default	2	1	5.8	0.0	0.4	0.4	1	0	kept	0,1,2,3
2026-10-07T19:50:21 2026-10-07T19:50:15	time	balls	matched	rapier-par	8	default	2	1	5.6	0.1	0.0	0.0	1	0	kept	0,1,2,3,4,5,6,7
2026-10-07T19:50:37 2026-10-07T19:50:31	time	balls	matched	rapier-par	16	default	2	1	6.2	0.2	0.1	0.1	1	0	kept	0,1,2,3,4,5,6,7,8,9,10,11,12,13,14,15
2026-10-07T19:50:57 2026-10-07T19:50:47	time	balls	matched	avian-par	1	default	2	1	10.3	0.1	4.3	4.3	1	0	kept	0
2026-10-07T19:51:15 2026-10-07T19:51:07	time	balls	matched	avian-par	4	default	2	1	7.5	0.1	0.1	0.1	1	0	kept	0,1,2,3
2026-10-07T19:51:32 2026-10-07T19:51:25	time	balls	matched	avian-par	8	default	2	1	7.4	0.1	0.1	0.1	1	0	kept	0,1,2,3,4,5,6,7
2026-10-07T19:51:51 2026-10-07T19:51:42	time	balls	matched	avian-par	16	default	2	1	8.8	0.1	0.1	0.1	1	0	kept	0,1,2,3,4,5,6,7,8,9,10,11,12,13,14,15
2026-10-07T19:52:09 2026-10-07T19:52:01	time	balls	matched	jolt	1	default	2	1	7.9	0.2	0.0	0.0	1	0	kept	0
2026-10-07T19:52:25 2026-10-07T19:52:19	time	balls	matched	jolt	4	default	2	1	6.1	0.1	0.0	0.0	1	0	kept	0,1,2,3
2026-10-07T19:52:41 2026-10-07T19:52:35	time	balls	matched	jolt	8	default	2	1	5.8	0.2	0.1	0.1	1	0	kept	0,1,2,3,4,5,6,7
2026-10-07T19:52:57 2026-10-07T19:52:51	time	balls	matched	jolt	16	default	2	1	6.1	0.1	0.1	0.1	1	0	kept	0,1,2,3,4,5,6,7,8,9,10,11,12,13,14,15
2026-10-07T19:53:15 2026-10-07T19:53:07	time	boxes	matched	jolt-4	1	default	2	1	7.6	0.1	0.0	0.0	1	0	kept	0
2026-10-07T19:53:31 2026-10-07T19:53:25	time	boxes	matched	jolt-4	4	default	2	1	6.1	0.1	0.1	0.1	1	0	kept	0,1,2,3
2026-10-07T19:53:47 2026-10-07T19:53:41	time	boxes	matched	jolt-4	8	default	2	1	5.8	0.0	2.2	2.2	1	0	kept	0,1,2,3,4,5,6,7
2026-10-07T19:54:03 2026-10-07T19:53:57	time	boxes	matched	jolt-4	16	default	2	1	6.5	1.9	0.1	0.1	1	0	kept	0,1,2,3,4,5,6,7,8,9,10,11,12,13,14,15
2026-10-07T19:54:20 2026-10-07T19:54:13	time	boxes	matched	rapier-par	1	default	2	1	7.0	0.1	0.0	0.0	1	0	kept	0
2026-10-07T19:54:36 2026-10-07T19:54:30	time	boxes	matched	rapier-par	4	default	2	1	5.7	0.1	0.0	0.0	1	0	kept	0,1,2,3
2026-10-07T19:54:51 2026-10-07T19:54:46	time	boxes	matched	rapier-par	8	default	2	1	5.5	0.1	0.1	0.1	1	0	kept	0,1,2,3,4,5,6,7
2026-10-07T19:55:07 2026-10-07T19:55:01	time	boxes	matched	rapier-par	16	default	2	1	5.9	0.3	0.0	0.0	1	0	kept	0,1,2,3,4,5,6,7,8,9,10,11,12,13,14,15
2026-10-07T19:55:29 2026-10-07T19:55:17	time	boxes	matched	avian-par	1	default	2	1	12.0	0.0	0.1	0.1	1	0	kept	0
2026-10-07T19:55:48 2026-10-07T19:55:39	time	boxes	matched	avian-par	4	default	2	1	8.9	0.1	0.1	0.1	1	0	kept	0,1,2,3
2026-10-07T19:56:07 2026-10-07T19:55:58	time	boxes	matched	avian-par	8	default	2	1	8.3	0.1	0.0	0.0	1	0	kept	0,1,2,3,4,5,6,7
2026-10-07T19:56:28 2026-10-07T19:56:17	time	boxes	matched	avian-par	16	default	2	1	11.2	0.1	0.0	0.0	1	0	kept	0,1,2,3,4,5,6,7,8,9,10,11,12,13,14,15
2026-10-07T19:56:47 2026-10-07T19:56:38	time	boxes	matched	jolt	1	default	2	1	9.0	0.2	0.2	0.2	1	0	kept	0
2026-10-07T19:57:03 2026-10-07T19:56:57	time	boxes	matched	jolt	4	default	2	1	6.6	0.1	0.0	0.0	1	0	kept	0,1,2,3
2026-10-07T19:57:20 2026-10-07T19:57:13	time	boxes	matched	jolt	8	default	2	1	6.1	0.0	0.1	0.1	1	0	kept	0,1,2,3,4,5,6,7
2026-10-07T19:57:36 2026-10-07T19:57:30	time	boxes	matched	jolt	16	default	2	1	6.9	0.1	0.1	0.1	1	0	kept	0,1,2,3,4,5,6,7,8,9,10,11,12,13,14,15
2026-10-07T19:57:56 2026-10-07T19:57:46	time	capsules	matched	jolt-4	1	default	2	1	9.5	0.1	0.1	0.1	1	0	kept	0
2026-10-07T19:58:13 2026-10-07T19:58:06	time	capsules	matched	jolt-4	4	default	2	1	6.7	0.1	0.0	0.0	1	0	kept	0,1,2,3
2026-10-07T19:58:29 2026-10-07T19:58:23	time	capsules	matched	jolt-4	8	default	2	1	6.2	0.1	0.1	0.1	1	0	kept	0,1,2,3,4,5,6,7
2026-10-07T19:58:45 2026-10-07T19:58:39	time	capsules	matched	jolt-4	16	default	2	1	6.6	0.1	0.1	0.1	1	0	kept	0,1,2,3,4,5,6,7,8,9,10,11,12,13,14,15
2026-10-07T19:59:03 2026-10-07T19:58:55	time	capsules	matched	rapier-par	1	default	2	1	7.6	0.1	0.1	0.1	1	0	kept	0
2026-10-07T19:59:19 2026-10-07T19:59:13	time	capsules	matched	rapier-par	4	default	2	1	6.0	0.0	0.1	0.1	1	0	kept	0,1,2,3
2026-10-07T19:59:35 2026-10-07T19:59:29	time	capsules	matched	rapier-par	8	default	2	1	5.8	0.0	4.1	4.1	1	0	kept	0,1,2,3,4,5,6,7
2026-10-07T19:59:51 2026-10-07T19:59:45	time	capsules	matched	rapier-par	16	default	2	1	6.4	0.1	0.1	0.1	1	0	kept	0,1,2,3,4,5,6,7,8,9,10,11,12,13,14,15
2026-10-07T20:00:12 2026-10-07T20:00:01	time	capsules	matched	avian-par	1	default	2	1	10.7	0.4	0.1	0.1	1	0	kept	0
2026-10-07T20:00:30 2026-10-07T20:00:22	time	capsules	matched	avian-par	4	default	2	1	8.1	0.1	0.0	0.0	1	0	kept	0,1,2,3
2026-10-07T20:00:48 2026-10-07T20:00:40	time	capsules	matched	avian-par	8	default	2	1	7.6	0.3	0.1	0.1	1	0	kept	0,1,2,3,4,5,6,7
2026-10-07T20:01:07 2026-10-07T20:00:58	time	capsules	matched	avian-par	16	default	2	1	8.9	0.1	0.0	0.0	1	0	kept	0,1,2,3,4,5,6,7,8,9,10,11,12,13,14,15
2026-10-07T20:01:26 2026-10-07T20:01:17	time	capsules	matched	jolt	1	default	2	1	9.5	0.1	0.0	0.0	1	0	kept	0
2026-10-07T20:01:43 2026-10-07T20:01:36	time	capsules	matched	jolt	4	default	2	1	6.6	0.0	0.1	0.1	1	0	kept	0,1,2,3
2026-10-07T20:01:59 2026-10-07T20:01:53	time	capsules	matched	jolt	8	default	2	1	6.1	0.2	0.0	0.0	1	0	kept	0,1,2,3,4,5,6,7
2026-10-07T20:02:15 2026-10-07T20:02:09	time	capsules	matched	jolt	16	default	2	1	6.6	0.1	0.1	0.1	1	0	kept	0,1,2,3,4,5,6,7,8,9,10,11,12,13,14,15
2026-10-07T20:05:23 2026-10-07T20:02:25	time	pyramid	matched	jolt-4	1	default	2	1	177.3	0.0	1.4	4.0	3	0	kept	0
2026-10-07T20:06:44 2026-10-07T20:05:33	time	pyramid	matched	jolt-4	4	default	2	1	71.1	0.1	0.1	0.1	2	0	kept	0,1,2,3
2026-10-07T20:07:47 2026-10-07T20:06:54	time	pyramid	matched	jolt-4	8	default	2	1	53.0	0.1	0.0	0.0	1	0	kept	0,1,2,3,4,5,6,7
2026-10-07T20:08:49 2026-10-07T20:07:57	time	pyramid	matched	jolt-4	16	default	2	1	52.7	0.1	0.1	0.1	1	0	kept	0,1,2,3,4,5,6,7,8,9,10,11,12,13,14,15
2026-10-07T20:11:26 2026-10-07T20:08:59	time	pyramid	matched	rapier-par	1	default	2	1	146.3	0.4	0.0	0.1	3	0	kept	0
2026-10-07T20:12:43 2026-10-07T20:11:36	time	pyramid	matched	rapier-par	4	default	2	1	67.7	0.1	0.0	0.0	2	0	kept	0,1,2,3
2026-10-07T20:13:51 2026-10-07T20:12:53	time	pyramid	matched	rapier-par	8	default	2	1	57.6	0.1	0.0	0.0	1	0	kept	0,1,2,3,4,5,6,7
2026-10-07T20:14:51 2026-10-07T20:14:01	time	pyramid	matched	rapier-par	16	default	2	1	50.0	3.3	0.1	0.1	1	0	kept	0,1,2,3,4,5,6,7,8,9,10,11,12,13,14,15
2026-10-07T20:20:32 2026-10-07T20:15:01	time	pyramid	matched	avian-par	1	default	2	1	330.5	0.1	0.1	0.2	6	0	kept	0
2026-10-07T20:22:54 2026-10-07T20:20:42	time	pyramid	matched	avian-par	4	default	2	1	133.0	0.0	1.2	3.7	3	0	kept	0,1,2,3
2026-10-07T20:24:42 2026-10-07T20:23:04	time	pyramid	matched	avian-par	8	default	2	1	97.3	0.1	0.0	0.1	2	0	kept	0,1,2,3,4,5,6,7
2026-10-07T20:26:27 2026-10-07T20:24:52	time	pyramid	matched	avian-par	16	default	2	1	95.1	0.0	0.0	0.1	2	0	kept	0,1,2,3,4,5,6,7,8,9,10,11,12,13,14,15
2026-10-07T20:31:02 2026-10-07T20:26:37	time	pyramid	matched	jolt	1	default	2	1	265.2	0.1	0.1	0.1	5	0	kept	0
2026-10-07T20:32:52 2026-10-07T20:31:12	time	pyramid	matched	jolt	4	default	2	1	100.2	0.0	0.1	0.1	2	0	kept	0,1,2,3
2026-10-07T20:34:15 2026-10-07T20:33:02	time	pyramid	matched	jolt	8	default	2	1	72.5	0.1	1.6	3.2	2	0	kept	0,1,2,3,4,5,6,7
2026-10-07T20:35:36 2026-10-07T20:34:25	time	pyramid	matched	jolt	16	default	2	1	71.0	0.8	0.2	0.2	2	0	kept	0,1,2,3,4,5,6,7,8,9,10,11,12,13,14,15
2026-10-07T20:36:02 2026-10-07T20:35:46	time	many_pyramids	matched	jolt-4	1	default	2	1	16.1	0.0	0.4	0.4	1	0	kept	0
2026-10-07T20:36:21 2026-10-07T20:36:12	time	many_pyramids	matched	jolt-4	4	default	2	1	8.8	0.1	0.1	0.1	1	0	kept	0,1,2,3
2026-10-07T20:36:38 2026-10-07T20:36:31	time	many_pyramids	matched	jolt-4	8	default	2	1	7.4	0.1	0.1	0.1	1	0	kept	0,1,2,3,4,5,6,7
2026-10-07T20:36:58 2026-10-07T20:36:48	time	many_pyramids	matched	jolt-4	16	default	2	1	9.4	0.2	0.0	0.0	1	0	kept	0,1,2,3,4,5,6,7,8,9,10,11,12,13,14,15
2026-10-07T20:37:27 2026-10-07T20:37:08	time	many_pyramids	matched	rapier-par	1	default	2	1	19.1	2.2	0.0	0.0	1	0	kept	0
2026-10-07T20:37:47 2026-10-07T20:37:37	time	many_pyramids	matched	rapier-par	4	default	2	1	10.1	0.1	0.1	0.1	1	0	kept	0,1,2,3
2026-10-07T20:38:06 2026-10-07T20:37:57	time	many_pyramids	matched	rapier-par	8	default	2	1	8.8	0.1	0.1	0.1	1	0	kept	0,1,2,3,4,5,6,7
2026-10-07T20:38:24 2026-10-07T20:38:16	time	many_pyramids	matched	rapier-par	16	default	2	1	7.9	0.1	0.0	0.0	1	0	kept	0,1,2,3,4,5,6,7,8,9,10,11,12,13,14,15
2026-10-07T20:39:20 2026-10-07T20:38:34	time	many_pyramids	matched	avian-par	1	default	2	1	46.2	0.1	0.2	0.2	1	0	kept	0
2026-10-07T20:39:51 2026-10-07T20:39:30	time	many_pyramids	matched	avian-par	4	default	2	1	21.0	0.0	0.1	0.1	1	0	kept	0,1,2,3
2026-10-07T20:40:17 2026-10-07T20:40:01	time	many_pyramids	matched	avian-par	8	default	2	1	15.6	2.0	0.1	0.1	1	0	kept	0,1,2,3,4,5,6,7
2026-10-07T20:40:46 2026-10-07T20:40:27	time	many_pyramids	matched	avian-par	16	default	2	1	19.9	0.0	0.0	0.0	1	0	kept	0,1,2,3,4,5,6,7,8,9,10,11,12,13,14,15
2026-10-07T20:41:17 2026-10-07T20:40:56	time	many_pyramids	matched	jolt	1	default	2	1	20.1	0.1	0.3	0.3	1	0	kept	0
2026-10-07T20:41:37 2026-10-07T20:41:27	time	many_pyramids	matched	jolt	4	default	2	1	10.1	0.1	0.2	0.2	1	0	kept	0,1,2,3
2026-10-07T20:41:55 2026-10-07T20:41:47	time	many_pyramids	matched	jolt	8	default	2	1	8.2	0.1	0.1	0.1	1	0	kept	0,1,2,3,4,5,6,7
2026-10-07T20:42:16 2026-10-07T20:42:05	time	many_pyramids	matched	jolt	16	default	2	1	10.8	0.1	0.1	0.1	1	0	kept	0,1,2,3,4,5,6,7,8,9,10,11,12,13,14,15
2026-10-07T20:49:49 2026-10-07T20:42:26	time	keva	matched	jolt-4	1	default	2	1	443.8	0.1	0.0	0.1	8	0	kept	0
2026-10-07T20:52:27 2026-10-07T20:49:59	time	keva	matched	jolt-4	4	default	2	1	147.5	0.0	0.1	0.1	3	0	kept	0,1,2,3
2026-10-07T20:54:13 2026-10-07T20:52:37	time	keva	matched	jolt-4	8	default	2	1	96.2	0.1	0.1	0.1	2	0	kept	0,1,2,3,4,5,6,7
2026-10-07T20:55:44 2026-10-07T20:54:23	time	keva	matched	jolt-4	16	default	2	1	80.7	0.1	0.2	0.2	2	0	kept	0,1,2,3,4,5,6,7,8,9,10,11,12,13,14,15
2026-10-07T20:59:31 2026-10-07T20:55:54	time	keva	matched	rapier-par	1	default	2	1	217.4	0.0	0.0	0.1	4	0	kept	0
2026-10-07T21:01:26 2026-10-07T20:59:41	time	keva	matched	rapier-par	4	default	2	1	104.3	0.1	0.1	0.1	2	0	kept	0,1,2,3
2026-10-07T21:03:04 2026-10-07T21:01:36	time	keva	matched	rapier-par	8	default	2	1	87.9	0.1	0.1	0.1	2	0	kept	0,1,2,3,4,5,6,7
2026-10-07T21:04:33 2026-10-07T21:03:14	time	keva	matched	rapier-par	16	default	2	1	78.9	3.1	0.1	0.1	2	0	kept	0,1,2,3,4,5,6,7,8,9,10,11,12,13,14,15
2026-10-07T21:10:00 2026-10-07T21:04:43	time	keva	matched	avian-par	1	default	2	1	317.0	0.1	0.1	0.1	6	0	kept	0
2026-10-07T21:12:16 2026-10-07T21:10:10	time	keva	matched	avian-par	4	default	2	1	126.0	0.4	0.1	0.1	3	0	kept	0,1,2,3
2026-10-07T21:13:53 2026-10-07T21:12:26	time	keva	matched	avian-par	8	default	2	1	87.4	0.1	0.1	0.2	2	0	kept	0,1,2,3,4,5,6,7
2026-10-07T21:15:25 2026-10-07T21:14:03	time	keva	matched	avian-par	16	default	2	1	81.8	0.1	0.3	0.5	2	0	kept	0,1,2,3,4,5,6,7,8,9,10,11,12,13,14,15
2026-10-07T21:21:41 2026-10-07T21:15:35	time	keva	matched	jolt	1	default	2	1	366.5	0.1	0.3	1.9	7	0	kept	0
2026-10-07T21:23:57 2026-10-07T21:21:51	time	keva	matched	jolt	4	default	2	1	125.6	0.2	0.1	0.1	3	0	kept	0,1,2,3
2026-10-07T21:25:30 2026-10-07T21:24:07	time	keva	matched	jolt	8	default	2	1	82.8	0.0	0.1	0.1	2	0	kept	0,1,2,3,4,5,6,7
2026-10-07T21:26:51 2026-10-07T21:25:40	time	keva	matched	jolt	16	default	2	1	71.5	0.1	0.2	0.3	2	0	kept	0,1,2,3,4,5,6,7,8,9,10,11,12,13,14,15
2026-10-07T21:27:12 2026-10-07T21:27:01	time	joint_ball	matched	jolt-4	1	default	2	1	10.8	0.1	0.1	0.1	1	0	kept	0
2026-10-07T21:27:30 2026-10-07T21:27:22	time	joint_ball	matched	jolt-4	4	default	2	1	7.5	0.1	0.0	0.0	1	0	kept	0,1,2,3
2026-10-07T21:27:52 2026-10-07T21:27:40	time	joint_ball	matched	jolt-4	8	default	2	1	12.3	0.1	0.0	0.0	1	0	kept	0,1,2,3,4,5,6,7
2026-10-07T21:28:16 2026-10-07T21:28:02	time	joint_ball	matched	jolt-4	16	default	2	1	13.8	0.1	0.1	0.1	1	0	kept	0,1,2,3,4,5,6,7,8,9,10,11,12,13,14,15
2026-10-07T21:28:37 2026-10-07T21:28:26	time	joint_ball	matched	rapier-par	1	default	2	1	11.3	0.1	0.0	0.0	1	0	kept	0
2026-10-07T21:28:54 2026-10-07T21:28:47	time	joint_ball	matched	rapier-par	4	default	2	1	7.2	0.0	0.1	0.1	1	0	kept	0,1,2,3
2026-10-07T21:29:11 2026-10-07T21:29:04	time	joint_ball	matched	rapier-par	8	default	2	1	6.6	0.1	4.0	4.0	1	0	kept	0,1,2,3,4,5,6,7
2026-10-07T21:29:29 2026-10-07T21:29:21	time	joint_ball	matched	rapier-par	16	default	2	1	7.7	0.1	0.0	0.0	1	0	kept	0,1,2,3,4,5,6,7,8,9,10,11,12,13,14,15
2026-10-07T21:29:56 2026-10-07T21:29:39	time	joint_ball	matched	avian-par	1	default	2	1	17.2	0.2	0.0	0.0	1	0	kept	0
2026-10-07T21:30:20 2026-10-07T21:30:06	time	joint_ball	matched	avian-par	4	default	2	1	13.9	0.4	0.1	0.1	1	0	kept	0,1,2,3
2026-10-07T21:30:43 2026-10-07T21:30:30	time	joint_ball	matched	avian-par	8	default	2	1	13.1	0.1	0.0	0.0	1	0	kept	0,1,2,3,4,5,6,7
2026-10-07T21:31:07 2026-10-07T21:30:53	time	joint_ball	matched	avian-par	16	default	2	1	14.6	0.1	0.1	0.1	1	0	kept	0,1,2,3,4,5,6,7,8,9,10,11,12,13,14,15
2026-10-07T21:31:29 2026-10-07T21:31:17	time	joint_ball	matched	jolt	1	default	2	1	11.9	0.0	0.0	0.0	1	0	kept	0
2026-10-07T21:31:47 2026-10-07T21:31:39	time	joint_ball	matched	jolt	4	default	2	1	7.9	0.1	0.1	0.1	1	0	kept	0,1,2,3
2026-10-07T21:32:07 2026-10-07T21:31:57	time	joint_ball	matched	jolt	8	default	2	1	10.0	0.9	1.6	1.6	1	0	kept	0,1,2,3,4,5,6,7
2026-10-07T21:32:32 2026-10-07T21:32:17	time	joint_ball	matched	jolt	16	default	2	1	14.3	0.2	0.0	0.0	1	0	kept	0,1,2,3,4,5,6,7,8,9,10,11,12,13,14,15
2026-10-07T21:32:55 2026-10-07T21:32:42	time	joint_fixed	matched	jolt-4	1	default	2	1	13.0	0.1	0.1	0.1	1	0	kept	0
2026-10-07T21:33:12 2026-10-07T21:33:05	time	joint_fixed	matched	jolt-4	4	default	2	1	7.5	0.1	0.0	0.0	1	0	kept	0,1,2,3
2026-10-07T21:33:28 2026-10-07T21:33:22	time	joint_fixed	matched	jolt-4	8	default	2	1	6.4	0.1	0.1	0.1	1	0	kept	0,1,2,3,4,5,6,7
2026-10-07T21:33:45 2026-10-07T21:33:38	time	joint_fixed	matched	jolt-4	16	default	2	1	6.9	0.1	0.0	0.0	1	0	kept	0,1,2,3,4,5,6,7,8,9,10,11,12,13,14,15
2026-10-07T21:34:11 2026-10-07T21:33:55	time	joint_fixed	matched	rapier-par	1	default	2	1	15.4	0.1	0.0	0.0	1	0	kept	0
2026-10-07T21:34:29 2026-10-07T21:34:21	time	joint_fixed	matched	rapier-par	4	default	2	1	8.5	0.1	0.0	0.0	1	0	kept	0,1,2,3
2026-10-07T21:34:47 2026-10-07T21:34:39	time	joint_fixed	matched	rapier-par	8	default	2	1	7.4	0.1	0.1	0.1	1	0	kept	0,1,2,3,4,5,6,7
2026-10-07T21:35:05 2026-10-07T21:34:57	time	joint_fixed	matched	rapier-par	16	default	2	1	8.7	4.0	0.4	0.4	1	0	kept	0,1,2,3,4,5,6,7,8,9,10,11,12,13,14,15
2026-10-07T21:35:30 2026-10-07T21:35:15	time	joint_fixed	matched	avian-par	1	default	2	1	14.4	0.1	0.1	0.1	1	0	kept	0
2026-10-07T21:35:53 2026-10-07T21:35:40	time	joint_fixed	matched	avian-par	4	default	2	1	13.4	0.1	0.0	0.0	1	0	kept	0,1,2,3
2026-10-07T21:36:17 2026-10-07T21:36:03	time	joint_fixed	matched	avian-par	8	default	2	1	13.3	0.1	0.0	0.0	1	0	kept	0,1,2,3,4,5,6,7
2026-10-07T21:36:41 2026-10-07T21:36:27	time	joint_fixed	matched	avian-par	16	default	2	1	14.4	0.1	0.1	0.1	1	0	kept	0,1,2,3,4,5,6,7,8,9,10,11,12,13,14,15
2026-10-07T21:37:05 2026-10-07T21:36:51	time	joint_fixed	matched	jolt	1	default	2	1	14.5	0.1	0.1	0.1	1	0	kept	0
2026-10-07T21:37:23 2026-10-07T21:37:15	time	joint_fixed	matched	jolt	4	default	2	1	7.9	0.1	0.1	0.1	1	0	kept	0,1,2,3
2026-10-07T21:37:40 2026-10-07T21:37:33	time	joint_fixed	matched	jolt	8	default	2	1	6.7	0.1	0.1	0.1	1	0	kept	0,1,2,3,4,5,6,7
2026-10-07T21:37:57 2026-10-07T21:37:50	time	joint_fixed	matched	jolt	16	default	2	1	6.9	4.1	0.0	0.0	1	0	kept	0,1,2,3,4,5,6,7,8,9,10,11,12,13,14,15
2026-10-07T21:38:22 2026-10-07T21:38:07	time	joint_prismatic	matched	jolt-4	1	default	2	1	14.7	0.1	0.0	0.0	1	0	kept	0
2026-10-07T21:38:40 2026-10-07T21:38:32	time	joint_prismatic	matched	jolt-4	4	default	2	1	8.1	0.1	0.1	0.1	1	0	kept	0,1,2,3
2026-10-07T21:38:56 2026-10-07T21:38:50	time	joint_prismatic	matched	jolt-4	8	default	2	1	6.8	0.1	0.1	0.1	1	0	kept	0,1,2,3,4,5,6,7
2026-10-07T21:39:14 2026-10-07T21:39:06	time	joint_prismatic	matched	jolt-4	16	default	2	1	7.4	0.4	0.0	0.0	1	0	kept	0,1,2,3,4,5,6,7,8,9,10,11,12,13,14,15
2026-10-07T21:39:39 2026-10-07T21:39:24	time	joint_prismatic	matched	rapier-par	1	default	2	1	15.0	0.1	0.1	0.1	1	0	kept	0
2026-10-07T21:39:58 2026-10-07T21:39:49	time	joint_prismatic	matched	rapier-par	4	default	2	1	8.8	0.1	0.2	0.2	1	0	kept	0,1,2,3
2026-10-07T21:40:16 2026-10-07T21:40:08	time	joint_prismatic	matched	rapier-par	8	default	2	1	8.3	0.4	0.1	0.1	1	0	kept	0,1,2,3,4,5,6,7
2026-10-07T21:40:35 2026-10-07T21:40:26	time	joint_prismatic	matched	rapier-par	16	default	2	1	8.9	0.1	0.1	0.1	1	0	kept	0,1,2,3,4,5,6,7,8,9,10,11,12,13,14,15
2026-10-07T21:41:18 2026-10-07T21:40:45	time	joint_prismatic	matched	avian-par	1	default	2	1	33.5	3.9	0.1	0.1	1	0	kept	0
2026-10-07T21:41:52 2026-10-07T21:41:28	time	joint_prismatic	matched	avian-par	4	default	2	1	23.4	0.1	0.0	0.0	1	0	kept	0,1,2,3
2026-10-07T21:42:23 2026-10-07T21:42:02	time	joint_prismatic	matched	avian-par	8	default	2	1	21.3	0.0	0.0	0.0	1	0	kept	0,1,2,3,4,5,6,7
2026-10-07T21:42:57 2026-10-07T21:42:33	time	joint_prismatic	matched	avian-par	16	default	2	1	24.4	0.1	0.0	0.0	1	0	kept	0,1,2,3,4,5,6,7,8,9,10,11,12,13,14,15
2026-10-07T21:43:24 2026-10-07T21:43:07	time	joint_prismatic	matched	jolt	1	default	2	1	16.3	0.2	0.1	0.1	1	0	kept	0
2026-10-07T21:43:42 2026-10-07T21:43:34	time	joint_prismatic	matched	jolt	4	default	2	1	8.6	0.1	0.1	0.1	1	0	kept	0,1,2,3
2026-10-07T21:43:59 2026-10-07T21:43:52	time	joint_prismatic	matched	jolt	8	default	2	1	7.0	0.1	0.2	0.2	1	0	kept	0,1,2,3,4,5,6,7
2026-10-07T21:44:17 2026-10-07T21:44:09	time	joint_prismatic	matched	jolt	16	default	2	1	7.5	0.1	0.1	0.1	1	0	kept	0,1,2,3,4,5,6,7,8,9,10,11,12,13,14,15
2026-10-07T21:44:36 2026-10-07T21:44:27	time	joint_revolute	matched	jolt-4	1	default	2	1	8.9	0.1	0.1	0.1	1	0	kept	0
2026-10-07T21:44:52 2026-10-07T21:44:46	time	joint_revolute	matched	jolt-4	4	default	2	1	6.2	0.1	0.0	0.0	1	0	kept	0,1,2,3
2026-10-07T21:45:08 2026-10-07T21:45:02	time	joint_revolute	matched	jolt-4	8	default	2	1	5.7	0.3	0.2	0.2	1	0	kept	0,1,2,3,4,5,6,7
2026-10-07T21:45:24 2026-10-07T21:45:18	time	joint_revolute	matched	jolt-4	16	default	2	1	6.2	0.0	0.0	0.0	1	0	kept	0,1,2,3,4,5,6,7,8,9,10,11,12,13,14,15
2026-10-07T21:45:43 2026-10-07T21:45:34	time	joint_revolute	matched	rapier-par	1	default	2	1	9.1	0.1	0.1	0.1	1	0	kept	0
2026-10-07T21:45:59 2026-10-07T21:45:53	time	joint_revolute	matched	rapier-par	4	default	2	1	6.4	0.1	0.0	0.0	1	0	kept	0,1,2,3
2026-10-07T21:46:15 2026-10-07T21:46:09	time	joint_revolute	matched	rapier-par	8	default	2	1	6.0	0.2	0.1	0.1	1	0	kept	0,1,2,3,4,5,6,7
2026-10-07T21:46:32 2026-10-07T21:46:25	time	joint_revolute	matched	rapier-par	16	default	2	1	6.9	0.2	4.2	4.2	1	0	kept	0,1,2,3,4,5,6,7,8,9,10,11,12,13,14,15
2026-10-07T21:46:55 2026-10-07T21:46:42	time	joint_revolute	matched	avian-par	1	default	2	1	12.9	0.1	0.1	0.1	1	0	kept	0
2026-10-07T21:47:16 2026-10-07T21:47:05	time	joint_revolute	matched	avian-par	4	default	2	1	10.8	0.1	0.1	0.1	1	0	kept	0,1,2,3
2026-10-07T21:47:37 2026-10-07T21:47:26	time	joint_revolute	matched	avian-par	8	default	2	1	10.5	0.0	0.1	0.1	1	0	kept	0,1,2,3,4,5,6,7
2026-10-07T21:47:58 2026-10-07T21:47:47	time	joint_revolute	matched	avian-par	16	default	2	1	11.8	0.1	0.1	0.1	1	0	kept	0,1,2,3,4,5,6,7,8,9,10,11,12,13,14,15
2026-10-07T21:48:18 2026-10-07T21:48:08	time	joint_revolute	matched	jolt	1	default	2	1	9.7	0.1	0.0	0.0	1	0	kept	0
2026-10-07T21:48:34 2026-10-07T21:48:28	time	joint_revolute	matched	jolt	4	default	2	1	6.4	0.2	0.0	0.0	1	0	kept	0,1,2,3
2026-10-07T21:48:50 2026-10-07T21:48:44	time	joint_revolute	matched	jolt	8	default	2	1	5.8	0.1	0.0	0.0	1	0	kept	0,1,2,3,4,5,6,7
2026-10-07T21:49:06 2026-10-07T21:49:00	time	joint_revolute	matched	jolt	16	default	2	1	6.2	0.1	0.0	0.0	1	0	kept	0,1,2,3,4,5,6,7,8,9,10,11,12,13,14,15
2026-10-07T21:49:06 plan main repeat 2 done
2026-10-07T21:49:06 plan extras repeat 2; pinned CPUs [0, 1, 2, 3, 4, 5, 6, 7, 8, 9, 10, 11, 12, 13, 14, 15]
2026-10-07T21:49:23 2026-10-07T21:49:16	time	balls	matched	rapier-simd8	1	default	2	1	6.9	0.1	3.5	3.5	1	0	kept	0
2026-10-07T21:49:39 2026-10-07T21:49:33	time	balls	matched	rapier-simd8	4	default	2	1	5.8	0.6	0.0	0.0	1	0	kept	0,1,2,3
2026-10-07T21:49:59 2026-10-07T21:49:49	time	balls	matched	avian-serial	1	default	2	1	9.7	0.1	0.0	0.0	1	0	kept	0
2026-10-07T21:50:16 2026-10-07T21:50:09	time	balls	matched	rapier-serial	1	default	2	1	7.1	0.4	0.1	0.1	1	0	kept	0
2026-10-07T21:50:32 2026-10-07T21:50:26	time	balls	defaults	rapier-par	1	default	2	1	5.7	0.0	0.1	0.1	1	0	kept	0
2026-10-07T21:50:47 2026-10-07T21:50:42	time	balls	defaults	rapier-par	4	default	2	1	5.3	0.2	0.0	0.0	1	0	kept	0,1,2,3
2026-10-07T21:51:06 2026-10-07T21:50:57	time	balls	defaults	avian-par	1	default	2	1	8.7	0.1	0.1	0.1	1	0	kept	0
2026-10-07T21:51:23 2026-10-07T21:51:16	time	balls	defaults	avian-par	4	default	2	1	7.2	0.0	0.1	0.1	1	0	kept	0,1,2,3
2026-10-07T21:51:40 2026-10-07T21:51:33	time	balls	defaults	jolt	1	default	2	1	7.6	0.1	0.0	0.0	1	0	kept	0
2026-10-07T21:51:56 2026-10-07T21:51:50	time	balls	defaults	jolt	4	default	2	1	6.0	0.1	0.1	0.1	1	0	kept	0,1,2,3
2026-10-07T21:52:13 2026-10-07T21:52:06	time	boxes	matched	rapier-simd8	1	default	2	1	6.6	0.1	0.1	0.1	1	0	kept	0
2026-10-07T21:52:29 2026-10-07T21:52:23	time	boxes	matched	rapier-simd8	4	default	2	1	5.6	4.0	0.0	0.0	1	0	kept	0,1,2,3
2026-10-07T21:52:50 2026-10-07T21:52:39	time	boxes	matched	avian-serial	1	default	2	1	11.6	0.1	0.1	0.1	1	0	kept	0
2026-10-07T21:53:07 2026-10-07T21:53:00	time	boxes	matched	rapier-serial	1	default	2	1	7.0	0.1	0.1	0.1	1	0	kept	0
2026-10-07T21:53:23 2026-10-07T21:53:17	time	boxes	defaults	rapier-par	1	default	2	1	5.4	0.0	0.1	0.1	1	0	kept	0
2026-10-07T21:53:38 2026-10-07T21:53:33	time	boxes	defaults	rapier-par	4	default	2	1	5.1	0.2	0.0	0.0	1	0	kept	0,1,2,3
2026-10-07T21:54:02 2026-10-07T21:53:48	time	boxes	defaults	avian-par	1	default	2	1	14.0	0.1	0.1	0.1	1	0	kept	0
2026-10-07T21:54:22 2026-10-07T21:54:12	time	boxes	defaults	avian-par	4	default	2	1	10.0	0.2	0.0	0.0	1	0	kept	0,1,2,3
2026-10-07T21:54:39 2026-10-07T21:54:32	time	boxes	defaults	jolt	1	default	2	1	6.9	0.0	0.1	0.1	1	0	kept	0
2026-10-07T21:54:54 2026-10-07T21:54:49	time	boxes	defaults	jolt	4	default	2	1	5.7	0.0	0.1	0.1	1	0	kept	0,1,2,3
2026-10-07T21:55:12 2026-10-07T21:55:04	time	capsules	matched	rapier-simd8	1	default	2	1	7.4	0.4	4.0	4.0	1	0	kept	0
2026-10-07T21:55:28 2026-10-07T21:55:22	time	capsules	matched	rapier-simd8	4	default	2	1	6.0	0.1	0.1	0.1	1	0	kept	0,1,2,3
2026-10-07T21:55:48 2026-10-07T21:55:38	time	capsules	matched	avian-serial	1	default	2	1	10.2	0.1	0.0	0.0	1	0	kept	0
2026-10-07T21:56:06 2026-10-07T21:55:58	time	capsules	matched	rapier-serial	1	default	2	1	7.5	0.2	0.3	0.3	1	0	kept	0
2026-10-07T21:56:23 2026-10-07T21:56:16	time	capsules	defaults	rapier-par	1	default	2	1	7.7	0.2	0.1	0.1	1	0	kept	0
2026-10-07T21:56:39 2026-10-07T21:56:33	time	capsules	defaults	rapier-par	4	default	2	1	6.1	0.1	0.1	0.1	1	0	kept	0,1,2,3
2026-10-07T21:57:02 2026-10-07T21:56:49	time	capsules	defaults	avian-par	1	default	2	1	12.3	0.2	0.2	0.2	1	0	kept	0
2026-10-07T21:57:21 2026-10-07T21:57:12	time	capsules	defaults	avian-par	4	default	2	1	9.1	0.1	0.1	0.1	1	0	kept	0,1,2,3
2026-10-07T21:57:40 2026-10-07T21:57:31	time	capsules	defaults	jolt	1	default	2	1	9.2	0.1	0.0	0.0	1	0	kept	0
2026-10-07T21:57:57 2026-10-07T21:57:50	time	capsules	defaults	jolt	4	default	2	1	6.6	0.1	0.0	0.0	1	0	kept	0,1,2,3
2026-10-07T22:00:28 2026-10-07T21:58:07	time	pyramid	matched	rapier-simd8	1	default	2	1	140.9	4.0	0.1	0.1	3	0	kept	0
2026-10-07T22:01:48 2026-10-07T22:00:38	time	pyramid	matched	rapier-simd8	4	default	2	1	70.0	0.1	0.1	0.2	2	0	kept	0,1,2,3
2026-10-07T22:07:24 2026-10-07T22:01:58	time	pyramid	matched	avian-serial	1	default	2	1	326.5	0.1	0.0	0.1	6	0	kept	0
2026-10-07T22:09:58 2026-10-07T22:07:34	time	pyramid	matched	rapier-serial	1	default	2	1	143.4	0.1	0.0	0.1	3	0	kept	0
2026-10-07T22:12:34 2026-10-07T22:10:08	time	pyramid	defaults	rapier-par	1	default	2	1	146.1	0.7	1.4	4.1	3	0	kept	0
2026-10-07T22:13:52 2026-10-07T22:12:44	time	pyramid	defaults	rapier-par	4	default	2	1	67.9	0.1	0.1	0.1	2	0	kept	0,1,2,3
2026-10-07T22:21:12 2026-10-07T22:14:02	time	pyramid	defaults	avian-par	1	default	2	1	430.0	0.1	0.6	4.1	8	0	kept	0
2026-10-07T22:24:09 2026-10-07T22:21:22	time	pyramid	defaults	avian-par	4	default	2	1	167.0	0.1	0.6	1.6	3	0	kept	0,1,2,3
2026-10-07T22:28:39 2026-10-07T22:24:19	time	pyramid	defaults	jolt	1	default	2	1	260.2	0.2	0.0	0.1	5	0	kept	0
2026-10-07T22:30:28 2026-10-07T22:28:49	time	pyramid	defaults	jolt	4	default	2	1	99.1	0.1	0.0	0.1	2	0	kept	0,1,2,3
2026-10-07T22:30:56 2026-10-07T22:30:38	time	many_pyramids	matched	rapier-simd8	1	default	2	1	18.4	0.1	0.1	0.1	1	0	kept	0
2026-10-07T22:31:16 2026-10-07T22:31:06	time	many_pyramids	matched	rapier-simd8	4	default	2	1	9.8	0.1	0.1	0.1	1	0	kept	0,1,2,3
2026-10-07T22:32:11 2026-10-07T22:31:26	time	many_pyramids	matched	avian-serial	1	default	2	1	44.9	0.1	0.2	0.2	1	0	kept	0
2026-10-07T22:32:40 2026-10-07T22:32:21	time	many_pyramids	matched	rapier-serial	1	default	2	1	19.2	0.1	0.1	0.1	1	0	kept	0
2026-10-07T22:32:56 2026-10-07T22:32:50	time	many_pyramids	defaults	rapier-par	1	default	2	1	6.4	4.1	0.0	0.0	1	0	kept	0
2026-10-07T22:33:12 2026-10-07T22:33:06	time	many_pyramids	defaults	rapier-par	4	default	2	1	5.5	0.2	0.1	0.1	1	0	kept	0,1,2,3
2026-10-07T22:34:14 2026-10-07T22:33:22	time	many_pyramids	defaults	avian-par	1	default	2	1	51.5	0.4	0.0	0.0	1	0	kept	0
2026-10-07T22:34:46 2026-10-07T22:34:24	time	many_pyramids	defaults	avian-par	4	default	2	1	22.3	0.2	0.1	0.1	1	0	kept	0,1,2,3
2026-10-07T22:35:02 2026-10-07T22:34:56	time	many_pyramids	defaults	jolt	1	default	2	1	6.1	0.0	0.3	0.3	1	0	kept	0
2026-10-07T22:35:17 2026-10-07T22:35:12	time	many_pyramids	defaults	jolt	4	default	2	1	5.4	0.1	0.1	0.1	1	0	kept	0,1,2,3
2026-10-07T22:38:59 2026-10-07T22:35:27	time	keva	matched	rapier-simd8	1	default	2	1	211.9	0.1	0.1	0.3	4	0	kept	0
2026-10-07T22:40:43 2026-10-07T22:39:09	time	keva	matched	rapier-simd8	4	default	2	1	93.7	0.2	0.1	0.1	2	0	kept	0,1,2,3
2026-10-07T22:46:05 2026-10-07T22:40:53	time	keva	matched	avian-serial	1	default	2	1	312.4	0.1	0.1	0.1	6	0	kept	0
2026-10-07T22:49:55 2026-10-07T22:46:15	time	keva	matched	rapier-serial	1	default	2	1	219.7	0.1	0.6	2.2	4	0	kept	0
2026-10-07T22:53:42 2026-10-07T22:50:05	time	keva	defaults	rapier-par	1	default	2	1	216.5	4.1	0.0	0.0	4	0	kept	0
2026-10-07T22:55:35 2026-10-07T22:53:52	time	keva	defaults	rapier-par	4	default	2	1	103.6	0.0	0.1	0.2	2	0	kept	0,1,2,3
2026-10-07T23:03:10 2026-10-07T22:55:45	time	keva	defaults	avian-par	1	default	2	1	445.1	0.1	0.5	3.5	8	0	kept	0
2026-10-07T23:06:12 2026-10-07T23:03:20	time	keva	defaults	avian-par	4	default	2	1	172.1	0.1	0.0	0.1	3	0	kept	0,1,2,3
2026-10-07T23:12:32 2026-10-07T23:06:22	time	keva	defaults	jolt	1	default	2	1	370.0	0.3	0.5	3.2	7	0	kept	0
2026-10-07T23:14:52 2026-10-07T23:12:42	time	keva	defaults	jolt	4	default	2	1	130.0	0.1	0.1	0.2	3	0	kept	0,1,2,3
2026-10-07T23:15:13 2026-10-07T23:15:02	time	joint_ball	matched	rapier-simd8	1	default	2	1	10.3	0.4	0.1	0.1	1	0	kept	0
2026-10-07T23:15:30 2026-10-07T23:15:23	time	joint_ball	matched	rapier-simd8	4	default	2	1	6.9	0.1	0.0	0.0	1	0	kept	0,1,2,3
2026-10-07T23:15:56 2026-10-07T23:15:40	time	joint_ball	matched	avian-serial	1	default	2	1	16.5	0.1	0.1	0.1	1	0	kept	0
2026-10-07T23:16:17 2026-10-07T23:16:06	time	joint_ball	matched	rapier-serial	1	default	2	1	11.1	4.0	0.1	0.1	1	0	kept	0
2026-10-07T23:16:39 2026-10-07T23:16:27	time	joint_ball	defaults	rapier-par	1	default	2	1	11.9	0.1	0.1	0.1	1	0	kept	0
2026-10-07T23:16:56 2026-10-07T23:16:49	time	joint_ball	defaults	rapier-par	4	default	2	1	7.4	0.0	0.0	0.0	1	0	kept	0,1,2,3
2026-10-07T23:17:22 2026-10-07T23:17:06	time	joint_ball	defaults	avian-par	1	default	2	1	15.7	0.1	0.0	0.0	1	0	kept	0
2026-10-07T23:17:46 2026-10-07T23:17:32	time	joint_ball	defaults	avian-par	4	default	2	1	13.5	0.1	0.0	0.0	1	0	kept	0,1,2,3
2026-10-07T23:18:08 2026-10-07T23:17:56	time	joint_ball	defaults	jolt	1	default	2	1	12.0	0.1	0.0	0.0	1	0	kept	0
2026-10-07T23:18:26 2026-10-07T23:18:18	time	joint_ball	defaults	jolt	4	default	2	1	8.0	0.1	0.1	0.1	1	0	kept	0,1,2,3
2026-10-07T23:18:49 2026-10-07T23:18:36	time	joint_fixed	matched	rapier-simd8	1	default	2	1	13.0	0.1	0.0	0.0	1	0	kept	0
2026-10-07T23:19:07 2026-10-07T23:18:59	time	joint_fixed	matched	rapier-simd8	4	default	2	1	8.0	3.0	0.0	0.0	1	0	kept	0,1,2,3
2026-10-07T23:19:31 2026-10-07T23:19:17	time	joint_fixed	matched	avian-serial	1	default	2	1	13.9	0.1	0.0	0.0	1	0	kept	0
2026-10-07T23:19:56 2026-10-07T23:19:41	time	joint_fixed	matched	rapier-serial	1	default	2	1	15.2	0.0	0.1	0.1	1	0	kept	0
2026-10-07T23:20:17 2026-10-07T23:20:06	time	joint_fixed	defaults	rapier-par	1	default	2	1	10.9	0.4	0.1	0.1	1	0	kept	0
2026-10-07T23:20:34 2026-10-07T23:20:27	time	joint_fixed	defaults	rapier-par	4	default	2	1	7.0	0.0	0.1	0.1	1	0	kept	0,1,2,3
2026-10-07T23:21:01 2026-10-07T23:20:44	time	joint_fixed	defaults	avian-par	1	default	2	1	17.3	0.1	0.2	0.2	1	0	kept	0
2026-10-07T23:21:27 2026-10-07T23:21:11	time	joint_fixed	defaults	avian-par	4	default	2	1	16.3	0.0	0.1	0.1	1	0	kept	0,1,2,3
2026-10-07T23:21:52 2026-10-07T23:21:37	time	joint_fixed	defaults	jolt	1	default	2	1	14.5	0.0	2.6	2.6	1	0	kept	0
2026-10-07T23:22:10 2026-10-07T23:22:02	time	joint_fixed	defaults	jolt	4	default	2	1	7.9	1.6	0.1	0.1	1	0	kept	0,1,2,3
2026-10-07T23:22:33 2026-10-07T23:22:20	time	joint_prismatic	matched	rapier-simd8	1	default	2	1	13.4	0.1	0.0	0.0	1	0	kept	0
2026-10-07T23:22:52 2026-10-07T23:22:43	time	joint_prismatic	matched	rapier-simd8	4	default	2	1	8.4	0.1	0.0	0.0	1	0	kept	0,1,2,3
2026-10-07T23:23:34 2026-10-07T23:23:02	time	joint_prismatic	matched	avian-serial	1	default	2	1	32.4	0.1	0.1	0.1	1	0	kept	0
2026-10-07T23:23:59 2026-10-07T23:23:44	time	joint_prismatic	matched	rapier-serial	1	default	2	1	14.6	0.1	0.1	0.1	1	0	kept	0
2026-10-07T23:24:24 2026-10-07T23:24:09	time	joint_prismatic	defaults	rapier-par	1	default	2	1	15.3	0.1	0.1	0.1	1	0	kept	0
2026-10-07T23:24:43 2026-10-07T23:24:34	time	joint_prismatic	defaults	rapier-par	4	default	2	1	8.8	0.0	0.1	0.1	1	0	kept	0,1,2,3
2026-10-07T23:25:31 2026-10-07T23:24:53	time	joint_prismatic	defaults	avian-par	1	default	2	1	38.1	3.9	0.0	0.0	1	0	kept	0
2026-10-07T23:26:07 2026-10-07T23:25:41	time	joint_prismatic	defaults	avian-par	4	default	2	1	26.4	0.2	0.0	0.0	1	0	kept	0,1,2,3
2026-10-07T23:26:34 2026-10-07T23:26:17	time	joint_prismatic	defaults	jolt	1	default	2	1	16.3	0.1	0.1	0.1	1	0	kept	0
2026-10-07T23:26:52 2026-10-07T23:26:44	time	joint_prismatic	defaults	jolt	4	default	2	1	8.5	0.0	0.0	0.0	1	0	kept	0,1,2,3
2026-10-07T23:27:10 2026-10-07T23:27:02	time	joint_revolute	matched	rapier-simd8	1	default	2	1	8.3	0.1	0.1	0.1	1	0	kept	0
2026-10-07T23:27:27 2026-10-07T23:27:20	time	joint_revolute	matched	rapier-simd8	4	default	2	1	6.2	0.1	0.0	0.0	1	0	kept	0,1,2,3
2026-10-07T23:27:49 2026-10-07T23:27:37	time	joint_revolute	matched	avian-serial	1	default	2	1	12.4	0.0	0.0	0.0	1	0	kept	0
2026-10-07T23:28:08 2026-10-07T23:27:59	time	joint_revolute	matched	rapier-serial	1	default	2	1	9.0	0.1	0.0	0.0	1	0	kept	0
2026-10-07T23:28:28 2026-10-07T23:28:18	time	joint_revolute	defaults	rapier-par	1	default	2	1	9.8	0.1	0.1	0.1	1	0	kept	0
2026-10-07T23:28:45 2026-10-07T23:28:38	time	joint_revolute	defaults	rapier-par	4	default	2	1	6.7	0.0	0.1	0.1	1	0	kept	0,1,2,3
2026-10-07T23:29:36 2026-10-07T23:28:55	time	joint_revolute	defaults	avian-par	1	default	2	1	41.6	0.1	0.1	0.1	1	0	kept	0
2026-10-07T23:30:13 2026-10-07T23:29:46	time	joint_revolute	defaults	avian-par	4	default	2	1	26.8	0.1	0.1	0.1	1	0	kept	0,1,2,3
2026-10-07T23:30:33 2026-10-07T23:30:23	time	joint_revolute	defaults	jolt	1	default	2	1	9.7	0.0	3.4	3.4	1	0	kept	0
2026-10-07T23:30:49 2026-10-07T23:30:43	time	joint_revolute	defaults	jolt	4	default	2	1	6.4	0.6	0.0	0.0	1	0	kept	0,1,2,3
2026-10-07T23:30:49 plan extras repeat 2 done
2026-10-07T23:30:49 plan split repeat 2; pinned CPUs [0, 1, 2, 3, 4, 5, 6, 7, 8, 9, 10, 11, 12, 13, 14, 15]
2026-10-07T23:31:09 2026-10-07T23:30:59	split	balls	matched	avian-par	1	default	2	1	10.3	0.3	0.1	0.1	1	0	kept	0
2026-10-07T23:31:27 2026-10-07T23:31:19	split	balls	matched	avian-par	4	default	2	1	7.5	0.1	0.2	0.2	1	0	kept	0,1,2,3
2026-10-07T23:31:49 2026-10-07T23:31:37	split	boxes	matched	avian-par	1	default	2	1	12.0	0.0	0.1	0.1	1	0	kept	0
2026-10-07T23:32:08 2026-10-07T23:31:59	split	boxes	matched	avian-par	4	default	2	1	8.9	0.1	0.1	0.1	1	0	kept	0,1,2,3
2026-10-07T23:32:29 2026-10-07T23:32:18	split	capsules	matched	avian-par	1	default	2	1	10.7	0.1	0.1	0.1	1	0	kept	0
2026-10-07T23:32:47 2026-10-07T23:32:39	split	capsules	matched	avian-par	4	default	2	1	8.1	0.1	0.0	0.0	1	0	kept	0,1,2,3
2026-10-07T23:38:27 2026-10-07T23:32:57	split	pyramid	matched	avian-par	1	default	2	1	329.8	0.0	0.1	0.1	6	0	kept	0
2026-10-07T23:40:51 2026-10-07T23:38:37	split	pyramid	matched	avian-par	4	default	2	1	134.5	0.2	0.0	0.0	3	0	kept	0,1,2,3
2026-10-07T23:41:47 2026-10-07T23:41:01	split	many_pyramids	matched	avian-par	1	default	2	1	46.4	0.1	0.1	0.1	1	0	kept	0
2026-10-07T23:42:18 2026-10-07T23:41:57	split	many_pyramids	matched	avian-par	4	default	2	1	21.0	0.1	0.1	0.1	1	0	kept	0,1,2,3
2026-10-07T23:47:45 2026-10-07T23:42:28	split	keva	matched	avian-par	1	default	2	1	316.8	0.1	0.1	0.2	6	0	kept	0
2026-10-07T23:50:00 2026-10-07T23:47:55	split	keva	matched	avian-par	4	default	2	1	125.2	4.0	0.1	0.1	3	0	kept	0,1,2,3
2026-10-07T23:50:28 2026-10-07T23:50:10	split	joint_ball	matched	avian-par	1	default	2	1	17.2	0.7	0.0	0.0	1	0	kept	0
2026-10-07T23:50:52 2026-10-07T23:50:38	split	joint_ball	matched	avian-par	4	default	2	1	14.0	0.1	0.0	0.0	1	0	kept	0,1,2,3
2026-10-07T23:51:16 2026-10-07T23:51:02	split	joint_fixed	matched	avian-par	1	default	2	1	14.4	0.1	0.1	0.1	1	0	kept	0
2026-10-07T23:51:40 2026-10-07T23:51:26	split	joint_fixed	matched	avian-par	4	default	2	1	13.5	0.1	0.0	0.0	1	0	kept	0,1,2,3
2026-10-07T23:52:24 2026-10-07T23:51:50	split	joint_prismatic	matched	avian-par	1	default	2	1	34.0	0.1	1.8	1.8	1	0	kept	0
2026-10-07T23:52:57 2026-10-07T23:52:34	split	joint_prismatic	matched	avian-par	4	default	2	1	23.5	1.2	0.1	0.1	1	0	kept	0,1,2,3
2026-10-07T23:53:20 2026-10-07T23:53:07	split	joint_revolute	matched	avian-par	1	default	2	1	12.9	0.1	0.1	0.1	1	0	kept	0
2026-10-07T23:53:41 2026-10-07T23:53:30	split	joint_revolute	matched	avian-par	4	default	2	1	10.8	0.1	3.9	3.9	1	0	kept	0,1,2,3
2026-10-07T23:53:41 plan split repeat 2 done
2026-10-07T23:53:41 plan sweep repeat 2; pinned CPUs [0, 1, 2, 3, 4, 5, 6, 7, 8, 9, 10, 11, 12, 13, 14, 15]
2026-10-07T23:54:00 2026-10-07T23:53:51	sweep	many_pyramids	matched	rapier-par	4	2	2	1	9.3	0.0	0.0	0.0	1	0	kept	0,1,2,3
2026-10-07T23:54:28 2026-10-07T23:54:10	sweep	many_pyramids	matched	avian-par	4	2	2	1	17.7	0.1	0.1	0.1	1	0	kept	0,1,2,3
2026-10-07T23:54:48 2026-10-07T23:54:38	sweep	many_pyramids	matched	jolt	4	2	2	1	9.5	0.0	0.0	0.0	1	0	kept	0,1,2,3
2026-10-07T23:55:08 2026-10-07T23:54:58	sweep	many_pyramids	matched	rapier-par	4	4	2	1	10.1	0.1	0.0	0.0	1	0	kept	0,1,2,3
2026-10-07T23:55:38 2026-10-07T23:55:18	sweep	many_pyramids	matched	avian-par	4	4	2	1	20.5	0.1	0.1	0.1	1	0	kept	0,1,2,3
2026-10-07T23:55:57 2026-10-07T23:55:48	sweep	many_pyramids	matched	jolt	4	4	2	1	8.7	0.1	0.1	0.1	1	0	kept	0,1,2,3
2026-10-07T23:56:18 2026-10-07T23:56:07	sweep	many_pyramids	matched	rapier-par	4	8	2	1	11.5	0.1	0.0	0.0	1	0	kept	0,1,2,3
2026-10-07T23:56:57 2026-10-07T23:56:28	sweep	many_pyramids	matched	avian-par	4	8	2	1	28.2	0.1	0.0	0.0	1	0	kept	0,1,2,3
2026-10-07T23:57:16 2026-10-07T23:57:07	sweep	many_pyramids	matched	jolt	4	8	2	1	9.6	0.2	0.1	0.1	1	0	kept	0,1,2,3
2026-10-07T23:57:32 2026-10-07T23:57:26	sweep	joint_revolute	matched	rapier-par	4	2	2	1	6.0	0.1	0.0	0.0	1	0	kept	0,1,2,3
2026-10-07T23:57:51 2026-10-07T23:57:42	sweep	joint_revolute	matched	avian-par	4	2	2	1	8.9	0.0	0.0	0.0	1	0	kept	0,1,2,3
2026-10-07T23:58:07 2026-10-07T23:58:01	sweep	joint_revolute	matched	jolt	4	2	2	1	5.6	0.2	0.1	0.1	1	1	kept	0,1,2,3
2026-10-07T23:58:23 2026-10-07T23:58:17	sweep	joint_revolute	matched	rapier-par	4	4	2	1	6.5	0.1	0.0	0.0	1	0	kept	0,1,2,3
2026-10-07T23:58:44 2026-10-07T23:58:33	sweep	joint_revolute	matched	avian-par	4	4	2	1	10.8	0.1	0.1	0.1	1	0	kept	0,1,2,3
2026-10-07T23:59:00 2026-10-07T23:58:54	sweep	joint_revolute	matched	jolt	4	4	2	1	6.2	0.1	0.0	0.0	1	0	kept	0,1,2,3
2026-10-07T23:59:18 2026-10-07T23:59:10	sweep	joint_revolute	matched	rapier-par	4	8	2	1	7.3	0.1	0.2	0.2	1	0	kept	0,1,2,3
2026-10-07T23:59:42 2026-10-07T23:59:28	sweep	joint_revolute	matched	avian-par	4	8	2	1	14.6	4.0	0.1	0.1	1	0	kept	0,1,2,3
2026-10-07T23:59:58 2026-10-07T23:59:52	sweep	joint_revolute	matched	jolt	4	8	2	1	6.3	0.1	0.1	0.1	1	0	kept	0,1,2,3
2026-10-07T23:59:58 plan sweep repeat 2 done
2026-10-07T23:59:58 plan main repeat 3; pinned CPUs [0, 1, 2, 3, 4, 5, 6, 7, 8, 9, 10, 11, 12, 13, 14, 15]
2026-10-08T00:00:16 2026-10-08T00:00:08	time	balls	matched	rapier-par	1	default	3	1	7.1	0.4	0.2	0.2	1	0	kept	0
2026-10-08T00:00:31 2026-10-08T00:00:26	time	balls	matched	rapier-par	4	default	3	1	5.8	0.1	0.1	0.1	1	0	kept	0,1,2,3
2026-10-08T00:00:47 2026-10-08T00:00:41	time	balls	matched	rapier-par	8	default	3	1	5.6	0.0	0.1	0.1	1	0	kept	0,1,2,3,4,5,6,7
2026-10-08T00:01:03 2026-10-08T00:00:57	time	balls	matched	rapier-par	16	default	3	1	6.2	0.1	0.1	0.1	1	0	kept	0,1,2,3,4,5,6,7,8,9,10,11,12,13,14,15
2026-10-08T00:01:24 2026-10-08T00:01:13	time	balls	matched	avian-par	1	default	3	1	10.3	0.1	0.1	0.1	1	0	kept	0
2026-10-08T00:01:41 2026-10-08T00:01:34	time	balls	matched	avian-par	4	default	3	1	7.5	0.2	0.0	0.0	1	0	kept	0,1,2,3
2026-10-08T00:01:58 2026-10-08T00:01:51	time	balls	matched	avian-par	8	default	3	1	7.4	0.1	0.1	0.1	1	0	kept	0,1,2,3,4,5,6,7
2026-10-08T00:02:17 2026-10-08T00:02:08	time	balls	matched	avian-par	16	default	3	1	8.9	0.1	0.1	0.1	1	0	kept	0,1,2,3,4,5,6,7,8,9,10,11,12,13,14,15
2026-10-08T00:02:35 2026-10-08T00:02:27	time	balls	matched	jolt	1	default	3	1	7.9	4.2	0.0	0.0	1	0	kept	0
2026-10-08T00:02:51 2026-10-08T00:02:45	time	balls	matched	jolt	4	default	3	1	6.1	0.1	0.0	0.0	1	0	kept	0,1,2,3
2026-10-08T00:03:07 2026-10-08T00:03:01	time	balls	matched	jolt	8	default	3	1	5.8	0.1	0.1	0.1	1	0	kept	0,1,2,3,4,5,6,7
2026-10-08T00:03:23 2026-10-08T00:03:17	time	balls	matched	jolt	16	default	3	1	6.1	0.1	0.0	0.0	1	0	kept	0,1,2,3,4,5,6,7,8,9,10,11,12,13,14,15
2026-10-08T00:03:41 2026-10-08T00:03:33	time	balls	matched	jolt-4	1	default	3	1	7.5	0.1	0.1	0.1	1	0	kept	0
2026-10-08T00:03:57 2026-10-08T00:03:51	time	balls	matched	jolt-4	4	default	3	1	6.0	0.0	0.1	0.1	1	0	kept	0,1,2,3
2026-10-08T00:04:13 2026-10-08T00:04:07	time	balls	matched	jolt-4	8	default	3	1	5.8	0.0	0.0	0.0	1	0	kept	0,1,2,3,4,5,6,7
2026-10-08T00:04:29 2026-10-08T00:04:23	time	balls	matched	jolt-4	16	default	3	1	6.1	0.1	0.1	0.1	1	0	kept	0,1,2,3,4,5,6,7,8,9,10,11,12,13,14,15
2026-10-08T00:04:46 2026-10-08T00:04:39	time	boxes	matched	rapier-par	1	default	3	1	7.0	0.1	0.0	0.0	1	0	kept	0
2026-10-08T00:05:01 2026-10-08T00:04:56	time	boxes	matched	rapier-par	4	default	3	1	5.7	0.1	0.2	0.2	1	0	kept	0,1,2,3
2026-10-08T00:05:17 2026-10-08T00:05:11	time	boxes	matched	rapier-par	8	default	3	1	5.6	0.9	1.7	1.7	1	0	kept	0,1,2,3,4,5,6,7
2026-10-08T00:05:33 2026-10-08T00:05:27	time	boxes	matched	rapier-par	16	default	3	1	5.9	0.1	0.1	0.1	1	0	kept	0,1,2,3,4,5,6,7,8,9,10,11,12,13,14,15
2026-10-08T00:05:55 2026-10-08T00:05:43	time	boxes	matched	avian-par	1	default	3	1	12.0	0.1	0.1	0.1	1	0	kept	0
2026-10-08T00:06:14 2026-10-08T00:06:05	time	boxes	matched	avian-par	4	default	3	1	8.9	0.2	0.0	0.0	1	0	kept	0,1,2,3
2026-10-08T00:06:32 2026-10-08T00:06:24	time	boxes	matched	avian-par	8	default	3	1	8.4	0.1	0.1	0.1	1	0	kept	0,1,2,3,4,5,6,7
2026-10-08T00:06:53 2026-10-08T00:06:42	time	boxes	matched	avian-par	16	default	3	1	10.6	0.1	0.0	0.0	1	0	kept	0,1,2,3,4,5,6,7,8,9,10,11,12,13,14,15
2026-10-08T00:07:12 2026-10-08T00:07:03	time	boxes	matched	jolt	1	default	3	1	9.0	0.1	0.1	0.1	1	0	kept	0
2026-10-08T00:07:28 2026-10-08T00:07:22	time	boxes	matched	jolt	4	default	3	1	6.5	0.1	0.1	0.1	1	0	kept	0,1,2,3
2026-10-08T00:07:45 2026-10-08T00:07:38	time	boxes	matched	jolt	8	default	3	1	6.1	0.4	0.1	0.1	1	0	kept	0,1,2,3,4,5,6,7
2026-10-08T00:08:01 2026-10-08T00:07:55	time	boxes	matched	jolt	16	default	3	1	6.9	0.0	0.1	0.1	1	0	kept	0,1,2,3,4,5,6,7,8,9,10,11,12,13,14,15
2026-10-08T00:08:19 2026-10-08T00:08:11	time	boxes	matched	jolt-4	1	default	3	1	7.6	3.8	0.1	0.1	1	0	kept	0
2026-10-08T00:08:35 2026-10-08T00:08:29	time	boxes	matched	jolt-4	4	default	3	1	6.1	0.1	0.0	0.0	1	0	kept	0,1,2,3
2026-10-08T00:08:51 2026-10-08T00:08:45	time	boxes	matched	jolt-4	8	default	3	1	5.8	0.1	0.1	0.1	1	0	kept	0,1,2,3,4,5,6,7
2026-10-08T00:09:08 2026-10-08T00:09:01	time	boxes	matched	jolt-4	16	default	3	1	6.4	0.4	0.1	0.1	1	0	kept	0,1,2,3,4,5,6,7,8,9,10,11,12,13,14,15
2026-10-08T00:09:25 2026-10-08T00:09:18	time	capsules	matched	rapier-par	1	default	3	1	7.6	0.1	0.0	0.0	1	0	kept	0
2026-10-08T00:09:41 2026-10-08T00:09:35	time	capsules	matched	rapier-par	4	default	3	1	6.0	0.3	0.0	0.0	1	0	kept	0,1,2,3
2026-10-08T00:09:57 2026-10-08T00:09:51	time	capsules	matched	rapier-par	8	default	3	1	5.8	0.1	0.0	0.0	1	0	kept	0,1,2,3,4,5,6,7
2026-10-08T00:10:13 2026-10-08T00:10:07	time	capsules	matched	rapier-par	16	default	3	1	6.4	0.2	0.1	0.1	1	0	kept	0,1,2,3,4,5,6,7,8,9,10,11,12,13,14,15
2026-10-08T00:10:34 2026-10-08T00:10:23	time	capsules	matched	avian-par	1	default	3	1	10.7	0.1	0.1	0.1	1	0	kept	0
2026-10-08T00:10:52 2026-10-08T00:10:44	time	capsules	matched	avian-par	4	default	3	1	8.1	0.1	0.1	0.1	1	0	kept	0,1,2,3
2026-10-08T00:11:10 2026-10-08T00:11:02	time	capsules	matched	avian-par	8	default	3	1	7.6	4.0	0.1	0.1	1	0	kept	0,1,2,3,4,5,6,7
2026-10-08T00:11:29 2026-10-08T00:11:20	time	capsules	matched	avian-par	16	default	3	1	9.3	0.1	0.1	0.1	1	0	kept	0,1,2,3,4,5,6,7,8,9,10,11,12,13,14,15
2026-10-08T00:11:48 2026-10-08T00:11:39	time	capsules	matched	jolt	1	default	3	1	9.4	0.1	0.1	0.1	1	0	kept	0
2026-10-08T00:12:05 2026-10-08T00:11:58	time	capsules	matched	jolt	4	default	3	1	6.6	0.1	0.1	0.1	1	0	kept	0,1,2,3
2026-10-08T00:12:21 2026-10-08T00:12:15	time	capsules	matched	jolt	8	default	3	1	6.1	0.1	0.0	0.0	1	0	kept	0,1,2,3,4,5,6,7
2026-10-08T00:12:38 2026-10-08T00:12:31	time	capsules	matched	jolt	16	default	3	1	6.6	0.1	0.1	0.1	1	0	kept	0,1,2,3,4,5,6,7,8,9,10,11,12,13,14,15
2026-10-08T00:12:57 2026-10-08T00:12:48	time	capsules	matched	jolt-4	1	default	3	1	9.6	0.0	0.0	0.0	1	0	kept	0
2026-10-08T00:13:14 2026-10-08T00:13:07	time	capsules	matched	jolt-4	4	default	3	1	6.7	0.1	0.1	0.1	1	0	kept	0,1,2,3
2026-10-08T00:13:30 2026-10-08T00:13:24	time	capsules	matched	jolt-4	8	default	3	1	6.2	0.0	0.0	0.0	1	0	kept	0,1,2,3,4,5,6,7
2026-10-08T00:13:47 2026-10-08T00:13:40	time	capsules	matched	jolt-4	16	default	3	1	6.6	0.0	0.1	0.1	1	0	kept	0,1,2,3,4,5,6,7,8,9,10,11,12,13,14,15
2026-10-08T00:16:23 2026-10-08T00:13:57	time	pyramid	matched	rapier-par	1	default	3	1	146.7	2.5	0.1	0.2	3	0	kept	0
2026-10-08T00:17:41 2026-10-08T00:16:33	time	pyramid	matched	rapier-par	4	default	3	1	67.7	0.1	0.0	0.1	2	0	kept	0,1,2,3
2026-10-08T00:18:49 2026-10-08T00:17:51	time	pyramid	matched	rapier-par	8	default	3	1	57.6	0.1	0.0	0.0	1	0	kept	0,1,2,3,4,5,6,7
2026-10-08T00:19:49 2026-10-08T00:18:59	time	pyramid	matched	rapier-par	16	default	3	1	50.4	0.1	0.1	0.1	1	0	kept	0,1,2,3,4,5,6,7,8,9,10,11,12,13,14,15
2026-10-08T00:25:30 2026-10-08T00:19:59	time	pyramid	matched	avian-par	1	default	3	1	330.5	0.1	0.7	4.0	6	0	kept	0
2026-10-08T00:27:54 2026-10-08T00:25:40	time	pyramid	matched	avian-par	4	default	3	1	134.0	0.1	0.1	0.1	3	0	kept	0,1,2,3
2026-10-08T00:29:41 2026-10-08T00:28:04	time	pyramid	matched	avian-par	8	default	3	1	97.1	0.3	0.1	0.1	2	0	kept	0,1,2,3,4,5,6,7
2026-10-08T00:31:26 2026-10-08T00:29:51	time	pyramid	matched	avian-par	16	default	3	1	95.3	0.1	0.1	0.1	2	0	kept	0,1,2,3,4,5,6,7,8,9,10,11,12,13,14,15
2026-10-08T00:36:01 2026-10-08T00:31:36	time	pyramid	matched	jolt	1	default	3	1	265.1	0.1	0.0	0.1	5	0	kept	0
2026-10-08T00:37:52 2026-10-08T00:36:11	time	pyramid	matched	jolt	4	default	3	1	100.4	0.1	0.0	0.0	2	0	kept	0,1,2,3
2026-10-08T00:39:14 2026-10-08T00:38:02	time	pyramid	matched	jolt	8	default	3	1	72.4	0.1	0.3	0.4	2	0	kept	0,1,2,3,4,5,6,7
2026-10-08T00:40:35 2026-10-08T00:39:24	time	pyramid	matched	jolt	16	default	3	1	70.9	0.1	0.1	0.1	2	0	kept	0,1,2,3,4,5,6,7,8,9,10,11,12,13,14,15
2026-10-08T00:43:42 2026-10-08T00:40:45	time	pyramid	matched	jolt-4	1	default	3	1	177.2	0.1	0.1	0.1	3	0	kept	0
2026-10-08T00:45:03 2026-10-08T00:43:52	time	pyramid	matched	jolt-4	4	default	3	1	70.9	0.1	0.2	0.4	2	0	kept	0,1,2,3
2026-10-08T00:46:06 2026-10-08T00:45:13	time	pyramid	matched	jolt-4	8	default	3	1	53.2	0.1	0.1	0.1	1	0	kept	0,1,2,3,4,5,6,7
2026-10-08T00:47:09 2026-10-08T00:46:16	time	pyramid	matched	jolt-4	16	default	3	1	52.5	0.1	0.0	0.0	1	0	kept	0,1,2,3,4,5,6,7,8,9,10,11,12,13,14,15
2026-10-08T00:47:38 2026-10-08T00:47:19	time	many_pyramids	matched	rapier-par	1	default	3	1	19.1	0.1	0.1	0.1	1	0	kept	0
2026-10-08T00:47:58 2026-10-08T00:47:48	time	many_pyramids	matched	rapier-par	4	default	3	1	10.2	0.1	0.1	0.1	1	0	kept	0,1,2,3
2026-10-08T00:48:17 2026-10-08T00:48:08	time	many_pyramids	matched	rapier-par	8	default	3	1	8.8	0.1	0.1	0.1	1	0	kept	0,1,2,3,4,5,6,7
2026-10-08T00:48:35 2026-10-08T00:48:27	time	many_pyramids	matched	rapier-par	16	default	3	1	8.1	0.0	4.1	4.1	1	0	kept	0,1,2,3,4,5,6,7,8,9,10,11,12,13,14,15
2026-10-08T00:49:32 2026-10-08T00:48:45	time	many_pyramids	matched	avian-par	1	default	3	1	46.6	0.1	0.1	0.1	1	0	kept	0
2026-10-08T00:50:03 2026-10-08T00:49:42	time	many_pyramids	matched	avian-par	4	default	3	1	21.3	0.1	0.4	0.4	1	0	kept	0,1,2,3
2026-10-08T00:50:29 2026-10-08T00:50:13	time	many_pyramids	matched	avian-par	8	default	3	1	15.7	0.1	0.1	0.1	1	0	kept	0,1,2,3,4,5,6,7
2026-10-08T00:51:01 2026-10-08T00:50:39	time	many_pyramids	matched	avian-par	16	default	3	1	22.2	0.1	0.1	0.1	1	0	kept	0,1,2,3,4,5,6,7,8,9,10,11,12,13,14,15
2026-10-08T00:51:31 2026-10-08T00:51:11	time	many_pyramids	matched	jolt	1	default	3	1	20.4	0.1	2.6	2.6	1	0	kept	0
2026-10-08T00:51:51 2026-10-08T00:51:41	time	many_pyramids	matched	jolt	4	default	3	1	10.1	0.1	0.1	0.1	1	0	kept	0,1,2,3
2026-10-08T00:52:09 2026-10-08T00:52:01	time	many_pyramids	matched	jolt	8	default	3	1	8.2	0.1	0.1	0.1	1	0	kept	0,1,2,3,4,5,6,7
2026-10-08T00:52:30 2026-10-08T00:52:20	time	many_pyramids	matched	jolt	16	default	3	1	10.7	0.2	0.0	0.0	1	0	kept	0,1,2,3,4,5,6,7,8,9,10,11,12,13,14,15
2026-10-08T00:52:56 2026-10-08T00:52:40	time	many_pyramids	matched	jolt-4	1	default	3	1	16.1	0.1	0.0	0.0	1	0	kept	0
2026-10-08T00:53:15 2026-10-08T00:53:06	time	many_pyramids	matched	jolt-4	4	default	3	1	8.8	0.1	0.1	0.1	1	0	kept	0,1,2,3
2026-10-08T00:53:32 2026-10-08T00:53:25	time	many_pyramids	matched	jolt-4	8	default	3	1	7.4	0.1	0.1	0.1	1	0	kept	0,1,2,3,4,5,6,7
2026-10-08T00:53:52 2026-10-08T00:53:42	time	many_pyramids	matched	jolt-4	16	default	3	1	9.5	0.0	0.2	0.2	1	0	kept	0,1,2,3,4,5,6,7,8,9,10,11,12,13,14,15
2026-10-08T00:57:40 2026-10-08T00:54:02	time	keva	matched	rapier-par	1	default	3	1	217.6	0.1	0.2	0.4	4	0	kept	0
2026-10-08T00:59:34 2026-10-08T00:57:50	time	keva	matched	rapier-par	4	default	3	1	104.0	0.1	0.0	0.1	2	0	kept	0,1,2,3
2026-10-08T01:01:12 2026-10-08T00:59:44	time	keva	matched	rapier-par	8	default	3	1	88.1	0.1	0.1	0.1	2	0	kept	0,1,2,3,4,5,6,7
2026-10-08T01:02:41 2026-10-08T01:01:22	time	keva	matched	rapier-par	16	default	3	1	79.2	0.2	0.1	0.1	2	0	kept	0,1,2,3,4,5,6,7,8,9,10,11,12,13,14,15
2026-10-08T01:08:08 2026-10-08T01:02:51	time	keva	matched	avian-par	1	default	3	1	316.7	0.1	0.1	0.2	6	0	kept	0
2026-10-08T01:10:24 2026-10-08T01:08:18	time	keva	matched	avian-par	4	default	3	1	126.2	0.0	0.1	0.1	3	0	kept	0,1,2,3
2026-10-08T01:12:01 2026-10-08T01:10:34	time	keva	matched	avian-par	8	default	3	1	87.5	0.1	0.0	0.1	2	0	kept	0,1,2,3,4,5,6,7
2026-10-08T01:13:33 2026-10-08T01:12:11	time	keva	matched	avian-par	16	default	3	1	81.3	0.1	0.0	0.1	2	0	kept	0,1,2,3,4,5,6,7,8,9,10,11,12,13,14,15
2026-10-08T01:19:53 2026-10-08T01:13:43	time	keva	matched	jolt	1	default	3	1	370.0	0.0	0.0	0.1	7	0	kept	0
2026-10-08T01:22:08 2026-10-08T01:20:03	time	keva	matched	jolt	4	default	3	1	125.6	0.4	0.1	0.1	3	0	kept	0,1,2,3
2026-10-08T01:23:41 2026-10-08T01:22:18	time	keva	matched	jolt	8	default	3	1	82.8	0.1	1.9	3.7	2	0	kept	0,1,2,3,4,5,6,7
2026-10-08T01:25:02 2026-10-08T01:23:51	time	keva	matched	jolt	16	default	3	1	71.1	0.0	0.3	0.5	2	0	kept	0,1,2,3,4,5,6,7,8,9,10,11,12,13,14,15
2026-10-08T01:32:35 2026-10-08T01:25:12	time	keva	matched	jolt-4	1	default	3	1	443.1	0.1	0.3	1.8	8	0	kept	0
2026-10-08T01:35:13 2026-10-08T01:32:45	time	keva	matched	jolt-4	4	default	3	1	148.0	0.1	0.1	0.2	3	0	kept	0,1,2,3
2026-10-08T01:37:00 2026-10-08T01:35:23	time	keva	matched	jolt-4	8	default	3	1	96.5	0.0	0.1	0.1	2	0	kept	0,1,2,3,4,5,6,7
2026-10-08T01:38:30 2026-10-08T01:37:10	time	keva	matched	jolt-4	16	default	3	1	80.7	0.1	0.1	0.1	2	0	kept	0,1,2,3,4,5,6,7,8,9,10,11,12,13,14,15
2026-10-08T01:38:52 2026-10-08T01:38:40	time	joint_ball	matched	rapier-par	1	default	3	1	11.3	0.1	0.1	0.1	1	0	kept	0
2026-10-08T01:39:09 2026-10-08T01:39:02	time	joint_ball	matched	rapier-par	4	default	3	1	7.3	0.4	0.0	0.0	1	0	kept	0,1,2,3
2026-10-08T01:39:26 2026-10-08T01:39:19	time	joint_ball	matched	rapier-par	8	default	3	1	6.6	0.1	0.1	0.1	1	0	kept	0,1,2,3,4,5,6,7
2026-10-08T01:39:43 2026-10-08T01:39:36	time	joint_ball	matched	rapier-par	16	default	3	1	7.8	0.0	0.0	0.0	1	0	kept	0,1,2,3,4,5,6,7,8,9,10,11,12,13,14,15
2026-10-08T01:40:11 2026-10-08T01:39:53	time	joint_ball	matched	avian-par	1	default	3	1	17.2	0.1	0.1	0.1	1	0	kept	0
2026-10-08T01:40:35 2026-10-08T01:40:21	time	joint_ball	matched	avian-par	4	default	3	1	13.9	0.1	2.7	2.7	1	0	kept	0,1,2,3
2026-10-08T01:40:58 2026-10-08T01:40:45	time	joint_ball	matched	avian-par	8	default	3	1	13.2	1.3	0.1	0.1	1	0	kept	0,1,2,3,4,5,6,7
2026-10-08T01:41:23 2026-10-08T01:41:08	time	joint_ball	matched	avian-par	16	default	3	1	15.0	0.1	0.1	0.1	1	0	kept	0,1,2,3,4,5,6,7,8,9,10,11,12,13,14,15
2026-10-08T01:41:45 2026-10-08T01:41:33	time	joint_ball	matched	jolt	1	default	3	1	11.9	0.0	0.1	0.1	1	0	kept	0
2026-10-08T01:42:03 2026-10-08T01:41:55	time	joint_ball	matched	jolt	4	default	3	1	7.9	0.1	0.8	0.8	1	0	kept	0,1,2,3
2026-10-08T01:42:24 2026-10-08T01:42:13	time	joint_ball	matched	jolt	8	default	3	1	11.7	2.3	0.0	0.0	1	0	kept	0,1,2,3,4,5,6,7
2026-10-08T01:42:49 2026-10-08T01:42:34	time	joint_ball	matched	jolt	16	default	3	1	14.5	0.1	0.0	0.0	1	0	kept	0,1,2,3,4,5,6,7,8,9,10,11,12,13,14,15
2026-10-08T01:43:10 2026-10-08T01:42:59	time	joint_ball	matched	jolt-4	1	default	3	1	10.9	0.1	0.0	0.0	1	0	kept	0
2026-10-08T01:43:27 2026-10-08T01:43:20	time	joint_ball	matched	jolt-4	4	default	3	1	7.5	0.0	1.5	1.5	1	0	kept	0,1,2,3
2026-10-08T01:43:50 2026-10-08T01:43:37	time	joint_ball	matched	jolt-4	8	default	3	1	12.5	2.7	0.1	0.1	1	0	kept	0,1,2,3,4,5,6,7
2026-10-08T01:44:08 2026-10-08T01:44:00	time	joint_ball	matched	jolt-4	16	default	3	1	8.3	0.1	0.0	0.0	1	0	kept	0,1,2,3,4,5,6,7,8,9,10,11,12,13,14,15
2026-10-08T01:44:33 2026-10-08T01:44:18	time	joint_fixed	matched	rapier-par	1	default	3	1	15.3	0.1	0.1	0.1	1	0	kept	0
2026-10-08T01:44:52 2026-10-08T01:44:43	time	joint_fixed	matched	rapier-par	4	default	3	1	8.5	0.1	0.0	0.0	1	0	kept	0,1,2,3
2026-10-08T01:45:09 2026-10-08T01:45:02	time	joint_fixed	matched	rapier-par	8	default	3	1	7.4	0.4	0.1	0.1	1	0	kept	0,1,2,3,4,5,6,7
2026-10-08T01:45:28 2026-10-08T01:45:19	time	joint_fixed	matched	rapier-par	16	default	3	1	8.5	0.1	0.0	0.0	1	0	kept	0,1,2,3,4,5,6,7,8,9,10,11,12,13,14,15
2026-10-08T01:45:52 2026-10-08T01:45:38	time	joint_fixed	matched	avian-par	1	default	3	1	14.4	0.1	0.0	0.0	1	0	kept	0
2026-10-08T01:46:16 2026-10-08T01:46:02	time	joint_fixed	matched	avian-par	4	default	3	1	13.4	0.1	0.0	0.0	1	0	kept	0,1,2,3
2026-10-08T01:46:39 2026-10-08T01:46:26	time	joint_fixed	matched	avian-par	8	default	3	1	13.3	2.6	0.1	0.1	1	0	kept	0,1,2,3,4,5,6,7
2026-10-08T01:47:03 2026-10-08T01:46:49	time	joint_fixed	matched	avian-par	16	default	3	1	14.3	0.1	0.1	0.1	1	0	kept	0,1,2,3,4,5,6,7,8,9,10,11,12,13,14,15
2026-10-08T01:47:28 2026-10-08T01:47:13	time	joint_fixed	matched	jolt	1	default	3	1	14.5	0.1	0.2	0.2	1	0	kept	0
2026-10-08T01:47:45 2026-10-08T01:47:38	time	joint_fixed	matched	jolt	4	default	3	1	7.9	0.2	0.0	0.0	1	0	kept	0,1,2,3
2026-10-08T01:48:02 2026-10-08T01:47:55	time	joint_fixed	matched	jolt	8	default	3	1	6.7	0.1	0.2	0.2	1	0	kept	0,1,2,3,4,5,6,7
2026-10-08T01:48:19 2026-10-08T01:48:12	time	joint_fixed	matched	jolt	16	default	3	1	6.9	0.1	0.0	0.0	1	0	kept	0,1,2,3,4,5,6,7,8,9,10,11,12,13,14,15
2026-10-08T01:48:42 2026-10-08T01:48:29	time	joint_fixed	matched	jolt-4	1	default	3	1	13.0	0.1	0.0	0.0	1	0	kept	0
2026-10-08T01:49:00 2026-10-08T01:48:52	time	joint_fixed	matched	jolt-4	4	default	3	1	7.5	0.1	0.0	0.0	1	0	kept	0,1,2,3
2026-10-08T01:49:16 2026-10-08T01:49:10	time	joint_fixed	matched	jolt-4	8	default	3	1	6.5	0.0	4.0	4.0	1	0	kept	0,1,2,3,4,5,6,7
2026-10-08T01:49:33 2026-10-08T01:49:26	time	joint_fixed	matched	jolt-4	16	default	3	1	7.0	0.1	0.1	0.1	1	0	kept	0,1,2,3,4,5,6,7,8,9,10,11,12,13,14,15
2026-10-08T01:49:58 2026-10-08T01:49:43	time	joint_prismatic	matched	rapier-par	1	default	3	1	14.7	0.1	0.1	0.1	1	0	kept	0
2026-10-08T01:50:16 2026-10-08T01:50:08	time	joint_prismatic	matched	rapier-par	4	default	3	1	8.7	0.4	0.1	0.1	1	0	kept	0,1,2,3
2026-10-08T01:50:35 2026-10-08T01:50:26	time	joint_prismatic	matched	rapier-par	8	default	3	1	8.4	0.1	0.0	0.0	1	0	kept	0,1,2,3,4,5,6,7
2026-10-08T01:50:54 2026-10-08T01:50:45	time	joint_prismatic	matched	rapier-par	16	default	3	1	9.1	0.0	0.0	0.0	1	0	kept	0,1,2,3,4,5,6,7,8,9,10,11,12,13,14,15
2026-10-08T01:51:37 2026-10-08T01:51:04	time	joint_prismatic	matched	avian-par	1	default	3	1	33.4	0.1	0.1	0.1	1	0	kept	0
2026-10-08T01:52:11 2026-10-08T01:51:47	time	joint_prismatic	matched	avian-par	4	default	3	1	23.2	0.1	4.0	4.0	1	0	kept	0,1,2,3
2026-10-08T01:52:42 2026-10-08T01:52:21	time	joint_prismatic	matched	avian-par	8	default	3	1	21.0	0.2	0.0	0.0	1	0	kept	0,1,2,3,4,5,6,7
2026-10-08T01:53:16 2026-10-08T01:52:52	time	joint_prismatic	matched	avian-par	16	default	3	1	24.9	0.1	0.1	0.1	1	0	kept	0,1,2,3,4,5,6,7,8,9,10,11,12,13,14,15
2026-10-08T01:53:43 2026-10-08T01:53:26	time	joint_prismatic	matched	jolt	1	default	3	1	16.2	0.2	0.1	0.1	1	0	kept	0
2026-10-08T01:54:01 2026-10-08T01:53:53	time	joint_prismatic	matched	jolt	4	default	3	1	8.5	0.1	0.1	0.1	1	0	kept	0,1,2,3
2026-10-08T01:54:18 2026-10-08T01:54:11	time	joint_prismatic	matched	jolt	8	default	3	1	7.0	0.1	0.1	0.1	1	0	kept	0,1,2,3,4,5,6,7
2026-10-08T01:54:36 2026-10-08T01:54:28	time	joint_prismatic	matched	jolt	16	default	3	1	7.5	0.0	0.0	0.0	1	0	kept	0,1,2,3,4,5,6,7,8,9,10,11,12,13,14,15
2026-10-08T01:55:00 2026-10-08T01:54:46	time	joint_prismatic	matched	jolt-4	1	default	3	1	14.7	0.2	0.0	0.0	1	0	kept	0
2026-10-08T01:55:18 2026-10-08T01:55:10	time	joint_prismatic	matched	jolt-4	4	default	3	1	8.1	4.2	0.1	0.1	1	0	kept	0,1,2,3
2026-10-08T01:55:35 2026-10-08T01:55:28	time	joint_prismatic	matched	jolt-4	8	default	3	1	6.8	0.1	0.1	0.1	1	0	kept	0,1,2,3,4,5,6,7
2026-10-08T01:55:53 2026-10-08T01:55:45	time	joint_prismatic	matched	jolt-4	16	default	3	1	7.5	0.0	0.0	0.0	1	0	kept	0,1,2,3,4,5,6,7,8,9,10,11,12,13,14,15
2026-10-08T01:56:12 2026-10-08T01:56:03	time	joint_revolute	matched	rapier-par	1	default	3	1	9.1	0.1	0.1	0.1	1	0	kept	0
2026-10-08T01:56:28 2026-10-08T01:56:22	time	joint_revolute	matched	rapier-par	4	default	3	1	6.4	0.2	0.0	0.0	1	0	kept	0,1,2,3
2026-10-08T01:56:44 2026-10-08T01:56:38	time	joint_revolute	matched	rapier-par	8	default	3	1	6.0	0.1	0.0	0.0	1	0	kept	0,1,2,3,4,5,6,7
2026-10-08T01:57:01 2026-10-08T01:56:54	time	joint_revolute	matched	rapier-par	16	default	3	1	7.0	0.1	0.1	0.1	1	0	kept	0,1,2,3,4,5,6,7,8,9,10,11,12,13,14,15
2026-10-08T01:57:24 2026-10-08T01:57:11	time	joint_revolute	matched	avian-par	1	default	3	1	12.9	0.0	0.0	0.0	1	0	kept	0
2026-10-08T01:57:45 2026-10-08T01:57:34	time	joint_revolute	matched	avian-par	4	default	3	1	10.8	0.1	0.0	0.0	1	0	kept	0,1,2,3
2026-10-08T01:58:05 2026-10-08T01:57:55	time	joint_revolute	matched	avian-par	8	default	3	1	10.5	3.1	0.1	0.1	1	0	kept	0,1,2,3,4,5,6,7
2026-10-08T01:58:27 2026-10-08T01:58:15	time	joint_revolute	matched	avian-par	16	default	3	1	11.3	0.1	0.1	0.1	1	0	kept	0,1,2,3,4,5,6,7,8,9,10,11,12,13,14,15
2026-10-08T01:58:46 2026-10-08T01:58:37	time	joint_revolute	matched	jolt	1	default	3	1	9.7	0.1	0.0	0.0	1	0	kept	0
2026-10-08T01:59:03 2026-10-08T01:58:56	time	joint_revolute	matched	jolt	4	default	3	1	6.4	0.1	0.0	0.0	1	0	kept	0,1,2,3
2026-10-08T01:59:19 2026-10-08T01:59:13	time	joint_revolute	matched	jolt	8	default	3	1	5.8	0.1	0.1	0.1	1	0	kept	0,1,2,3,4,5,6,7
2026-10-08T01:59:35 2026-10-08T01:59:29	time	joint_revolute	matched	jolt	16	default	3	1	6.2	0.2	0.0	0.0	1	0	kept	0,1,2,3,4,5,6,7,8,9,10,11,12,13,14,15
2026-10-08T01:59:54 2026-10-08T01:59:45	time	joint_revolute	matched	jolt-4	1	default	3	1	8.9	0.1	0.1	0.1	1	0	kept	0
2026-10-08T02:00:10 2026-10-08T02:00:04	time	joint_revolute	matched	jolt-4	4	default	3	1	6.2	0.4	0.1	0.1	1	0	kept	0,1,2,3
2026-10-08T02:00:25 2026-10-08T02:00:20	time	joint_revolute	matched	jolt-4	8	default	3	1	5.7	0.2	0.0	0.0	1	0	kept	0,1,2,3,4,5,6,7
2026-10-08T02:00:42 2026-10-08T02:00:35	time	joint_revolute	matched	jolt-4	16	default	3	1	6.2	0.1	0.0	0.0	1	0	kept	0,1,2,3,4,5,6,7,8,9,10,11,12,13,14,15
2026-10-08T02:00:42 plan main repeat 3 done
2026-10-08T02:00:42 plan extras repeat 3; pinned CPUs [0, 1, 2, 3, 4, 5, 6, 7, 8, 9, 10, 11, 12, 13, 14, 15]
2026-10-08T02:00:59 2026-10-08T02:00:52	time	balls	matched	rapier-simd8	1	default	3	1	6.9	4.0	0.1	0.1	1	0	kept	0
2026-10-08T02:01:15 2026-10-08T02:01:09	time	balls	matched	rapier-simd8	4	default	3	1	5.8	0.2	0.0	0.0	1	0	kept	0,1,2,3
2026-10-08T02:01:32 2026-10-08T02:01:25	time	balls	matched	rapier-serial	1	default	3	1	7.1	0.1	0.0	0.0	1	0	kept	0
2026-10-08T02:01:51 2026-10-08T02:01:42	time	balls	matched	avian-serial	1	default	3	1	9.7	0.1	0.1	0.1	1	0	kept	0
2026-10-08T02:02:10 2026-10-08T02:02:01	time	balls	defaults	avian-par	1	default	3	1	8.7	0.1	0.1	0.1	1	0	kept	0
2026-10-08T02:02:27 2026-10-08T02:02:20	time	balls	defaults	avian-par	4	default	3	1	7.2	0.1	0.0	0.0	1	0	kept	0,1,2,3
2026-10-08T02:02:45 2026-10-08T02:02:37	time	balls	defaults	jolt	1	default	3	1	7.6	0.1	0.1	0.1	1	0	kept	0
2026-10-08T02:03:01 2026-10-08T02:02:55	time	balls	defaults	jolt	4	default	3	1	6.0	0.1	0.0	0.0	1	0	kept	0,1,2,3
2026-10-08T02:03:16 2026-10-08T02:03:11	time	balls	defaults	rapier-par	1	default	3	1	5.6	0.1	0.1	0.1	1	0	kept	0
2026-10-08T02:03:32 2026-10-08T02:03:26	time	balls	defaults	rapier-par	4	default	3	1	5.3	0.0	0.1	0.1	1	0	kept	0,1,2,3
2026-10-08T02:03:48 2026-10-08T02:03:42	time	boxes	matched	rapier-simd8	1	default	3	1	6.7	3.5	0.0	0.0	1	0	kept	0
2026-10-08T02:04:04 2026-10-08T02:03:58	time	boxes	matched	rapier-simd8	4	default	3	1	5.6	0.1	0.1	0.1	1	0	kept	0,1,2,3
2026-10-08T02:04:21 2026-10-08T02:04:14	time	boxes	matched	rapier-serial	1	default	3	1	7.0	0.1	0.1	0.1	1	0	kept	0
2026-10-08T02:04:43 2026-10-08T02:04:31	time	boxes	matched	avian-serial	1	default	3	1	11.6	0.1	0.0	0.0	1	0	kept	0
2026-10-08T02:05:07 2026-10-08T02:04:53	time	boxes	defaults	avian-par	1	default	3	1	14.1	0.1	0.1	0.1	1	0	kept	0
2026-10-08T02:05:27 2026-10-08T02:05:17	time	boxes	defaults	avian-par	4	default	3	1	10.0	0.2	0.0	0.0	1	0	kept	0,1,2,3
2026-10-08T02:05:44 2026-10-08T02:05:37	time	boxes	defaults	jolt	1	default	3	1	6.9	0.1	0.1	0.1	1	0	kept	0
2026-10-08T02:05:59 2026-10-08T02:05:54	time	boxes	defaults	jolt	4	default	3	1	5.7	0.1	0.1	0.1	1	0	kept	0,1,2,3
2026-10-08T02:06:15 2026-10-08T02:06:09	time	boxes	defaults	rapier-par	1	default	3	1	5.4	0.4	0.0	0.0	1	0	kept	0
2026-10-08T02:06:30 2026-10-08T02:06:25	time	boxes	defaults	rapier-par	4	default	3	1	5.2	0.1	0.0	0.0	1	0	kept	0,1,2,3
2026-10-08T02:06:47 2026-10-08T02:06:40	time	capsules	matched	rapier-simd8	1	default	3	1	7.5	3.0	0.1	0.1	1	0	kept	0
2026-10-08T02:07:03 2026-10-08T02:06:57	time	capsules	matched	rapier-simd8	4	default	3	1	6.0	0.1	0.0	0.0	1	0	kept	0,1,2,3
2026-10-08T02:07:21 2026-10-08T02:07:13	time	capsules	matched	rapier-serial	1	default	3	1	7.6	0.1	0.0	0.0	1	0	kept	0
2026-10-08T02:07:41 2026-10-08T02:07:31	time	capsules	matched	avian-serial	1	default	3	1	10.2	0.1	0.1	0.1	1	0	kept	0
2026-10-08T02:08:03 2026-10-08T02:07:51	time	capsules	defaults	avian-par	1	default	3	1	12.3	0.1	0.1	0.1	1	0	kept	0
2026-10-08T02:08:23 2026-10-08T02:08:13	time	capsules	defaults	avian-par	4	default	3	1	9.2	0.1	0.0	0.0	1	0	kept	0,1,2,3
2026-10-08T02:08:42 2026-10-08T02:08:33	time	capsules	defaults	jolt	1	default	3	1	9.2	0.1	0.0	0.0	1	0	kept	0
2026-10-08T02:08:58 2026-10-08T02:08:52	time	capsules	defaults	jolt	4	default	3	1	6.6	0.1	0.0	0.0	1	0	kept	0,1,2,3
2026-10-08T02:09:16 2026-10-08T02:09:08	time	capsules	defaults	rapier-par	1	default	3	1	7.7	0.5	0.0	0.0	1	0	kept	0
2026-10-08T02:09:32 2026-10-08T02:09:26	time	capsules	defaults	rapier-par	4	default	3	1	6.2	0.2	2.5	2.5	1	0	kept	0,1,2,3
2026-10-08T02:12:02 2026-10-08T02:09:42	time	pyramid	matched	rapier-simd8	1	default	3	1	140.1	0.2	0.0	0.1	3	0	kept	0
2026-10-08T02:13:22 2026-10-08T02:12:12	time	pyramid	matched	rapier-simd8	4	default	3	1	70.0	0.1	0.0	0.1	2	0	kept	0,1,2,3
2026-10-08T02:15:56 2026-10-08T02:13:32	time	pyramid	matched	rapier-serial	1	default	3	1	143.3	0.1	0.1	0.1	3	0	kept	0
2026-10-08T02:21:32 2026-10-08T02:16:06	time	pyramid	matched	avian-serial	1	default	3	1	326.4	0.1	0.7	3.6	6	0	kept	0
2026-10-08T02:28:41 2026-10-08T02:21:42	time	pyramid	defaults	avian-par	1	default	3	1	419.2	0.1	0.1	0.1	7	0	kept	0
2026-10-08T02:31:37 2026-10-08T02:28:51	time	pyramid	defaults	avian-par	4	default	3	1	166.0	0.1	0.1	0.1	3	0	kept	0,1,2,3
2026-10-08T02:36:05 2026-10-08T02:31:47	time	pyramid	defaults	jolt	1	default	3	1	258.2	0.2	0.1	0.1	5	0	kept	0
2026-10-08T02:37:54 2026-10-08T02:36:15	time	pyramid	defaults	jolt	4	default	3	1	98.3	0.1	0.0	0.1	2	0	kept	0,1,2,3
2026-10-08T02:40:31 2026-10-08T02:38:04	time	pyramid	defaults	rapier-par	1	default	3	1	147.0	0.1	0.3	0.4	3	0	kept	0
2026-10-08T02:41:49 2026-10-08T02:40:41	time	pyramid	defaults	rapier-par	4	default	3	1	68.2	0.1	0.1	0.2	2	0	kept	0,1,2,3
2026-10-08T02:42:17 2026-10-08T02:41:59	time	many_pyramids	matched	rapier-simd8	1	default	3	1	18.1	0.1	0.0	0.0	1	0	kept	0
2026-10-08T02:42:37 2026-10-08T02:42:27	time	many_pyramids	matched	rapier-simd8	4	default	3	1	9.7	0.1	0.1	0.1	1	0	kept	0,1,2,3
2026-10-08T02:43:06 2026-10-08T02:42:47	time	many_pyramids	matched	rapier-serial	1	default	3	1	19.2	0.1	0.2	0.2	1	0	kept	0
2026-10-08T02:44:01 2026-10-08T02:43:16	time	many_pyramids	matched	avian-serial	1	default	3	1	45.0	0.5	0.0	0.0	1	0	kept	0
2026-10-08T02:45:03 2026-10-08T02:44:11	time	many_pyramids	defaults	avian-par	1	default	3	1	51.5	4.0	0.3	0.3	1	0	kept	0
2026-10-08T02:45:35 2026-10-08T02:45:13	time	many_pyramids	defaults	avian-par	4	default	3	1	22.4	0.2	0.1	0.1	1	0	kept	0,1,2,3
2026-10-08T02:45:51 2026-10-08T02:45:45	time	many_pyramids	defaults	jolt	1	default	3	1	6.1	0.1	0.1	0.1	1	0	kept	0
2026-10-08T02:46:07 2026-10-08T02:46:01	time	many_pyramids	defaults	jolt	4	default	3	1	5.4	0.1	0.0	0.0	1	0	kept	0,1,2,3
2026-10-08T02:46:23 2026-10-08T02:46:17	time	many_pyramids	defaults	rapier-par	1	default	3	1	6.3	0.1	0.2	0.2	1	0	kept	0
2026-10-08T02:46:38 2026-10-08T02:46:33	time	many_pyramids	defaults	rapier-par	4	default	3	1	5.5	0.1	0.1	0.1	1	0	kept	0,1,2,3
2026-10-08T02:50:20 2026-10-08T02:46:48	time	keva	matched	rapier-simd8	1	default	3	1	212.1	0.1	0.1	0.2	4	0	kept	0
2026-10-08T02:52:04 2026-10-08T02:50:30	time	keva	matched	rapier-simd8	4	default	3	1	93.9	0.0	0.0	0.0	2	0	kept	0,1,2,3
2026-10-08T02:55:56 2026-10-08T02:52:14	time	keva	matched	rapier-serial	1	default	3	1	221.9	0.1	0.1	0.1	4	0	kept	0
2026-10-08T03:01:19 2026-10-08T02:56:06	time	keva	matched	avian-serial	1	default	3	1	312.5	0.1	0.1	0.2	6	0	kept	0
2026-10-08T03:08:53 2026-10-08T03:01:29	time	keva	defaults	avian-par	1	default	3	1	444.1	2.0	0.1	0.2	8	0	kept	0
2026-10-08T03:11:54 2026-10-08T03:09:03	time	keva	defaults	avian-par	4	default	3	1	171.5	0.5	0.2	0.4	3	0	kept	0,1,2,3
2026-10-08T03:18:14 2026-10-08T03:12:04	time	keva	defaults	jolt	1	default	3	1	370.0	0.1	0.7	3.8	7	0	kept	0
2026-10-08T03:20:34 2026-10-08T03:18:24	time	keva	defaults	jolt	4	default	3	1	130.0	0.1	0.1	0.1	3	0	kept	0,1,2,3
2026-10-08T03:24:23 2026-10-08T03:20:44	time	keva	defaults	rapier-par	1	default	3	1	218.8	0.0	1.0	3.8	4	0	kept	0
2026-10-08T03:26:18 2026-10-08T03:24:33	time	keva	defaults	rapier-par	4	default	3	1	104.8	0.2	0.2	0.3	2	0	kept	0,1,2,3
2026-10-08T03:26:38 2026-10-08T03:26:28	time	joint_ball	matched	rapier-simd8	1	default	3	1	10.3	0.2	0.1	0.1	1	0	kept	0
2026-10-08T03:26:55 2026-10-08T03:26:48	time	joint_ball	matched	rapier-simd8	4	default	3	1	6.9	0.1	0.2	0.2	1	0	kept	0,1,2,3
2026-10-08T03:27:16 2026-10-08T03:27:05	time	joint_ball	matched	rapier-serial	1	default	3	1	11.1	0.1	0.1	0.1	1	0	kept	0
2026-10-08T03:27:43 2026-10-08T03:27:26	time	joint_ball	matched	avian-serial	1	default	3	1	16.6	0.0	0.0	0.0	1	0	kept	0
2026-10-08T03:28:09 2026-10-08T03:27:53	time	joint_ball	defaults	avian-par	1	default	3	1	15.7	0.1	0.0	0.0	1	0	kept	0
2026-10-08T03:28:32 2026-10-08T03:28:19	time	joint_ball	defaults	avian-par	4	default	3	1	13.5	0.2	0.0	0.0	1	0	kept	0,1,2,3
2026-10-08T03:28:54 2026-10-08T03:28:42	time	joint_ball	defaults	jolt	1	default	3	1	12.0	0.1	0.1	0.1	1	0	kept	0
2026-10-08T03:29:12 2026-10-08T03:29:04	time	joint_ball	defaults	jolt	4	default	3	1	8.0	0.1	0.1	0.1	1	0	kept	0,1,2,3
2026-10-08T03:29:34 2026-10-08T03:29:22	time	joint_ball	defaults	rapier-par	1	default	3	1	11.9	0.1	0.1	0.1	1	0	kept	0
2026-10-08T03:29:52 2026-10-08T03:29:44	time	joint_ball	defaults	rapier-par	4	default	3	1	7.4	0.1	0.0	0.0	1	0	kept	0,1,2,3
2026-10-08T03:30:15 2026-10-08T03:30:02	time	joint_fixed	matched	rapier-simd8	1	default	3	1	13.2	0.1	0.0	0.0	1	0	kept	0
2026-10-08T03:30:33 2026-10-08T03:30:25	time	joint_fixed	matched	rapier-simd8	4	default	3	1	8.0	4.1	0.1	0.1	1	0	kept	0,1,2,3
2026-10-08T03:30:58 2026-10-08T03:30:43	time	joint_fixed	matched	rapier-serial	1	default	3	1	15.2	0.1	0.1	0.1	1	0	kept	0
2026-10-08T03:31:22 2026-10-08T03:31:08	time	joint_fixed	matched	avian-serial	1	default	3	1	13.9	0.1	0.1	0.1	1	0	kept	0
2026-10-08T03:31:49 2026-10-08T03:31:32	time	joint_fixed	defaults	avian-par	1	default	3	1	17.3	0.1	0.0	0.0	1	0	kept	0
2026-10-08T03:32:16 2026-10-08T03:31:59	time	joint_fixed	defaults	avian-par	4	default	3	1	16.4	0.1	0.2	0.2	1	0	kept	0,1,2,3
2026-10-08T03:32:40 2026-10-08T03:32:26	time	joint_fixed	defaults	jolt	1	default	3	1	14.6	0.1	0.1	0.1	1	0	kept	0
2026-10-08T03:32:58 2026-10-08T03:32:50	time	joint_fixed	defaults	jolt	4	default	3	1	7.9	0.1	0.0	0.0	1	0	kept	0,1,2,3
2026-10-08T03:33:19 2026-10-08T03:33:08	time	joint_fixed	defaults	rapier-par	1	default	3	1	10.9	0.1	4.2	4.2	1	0	kept	0
2026-10-08T03:33:36 2026-10-08T03:33:29	time	joint_fixed	defaults	rapier-par	4	default	3	1	7.1	0.1	0.1	0.1	1	0	kept	0,1,2,3
2026-10-08T03:33:59 2026-10-08T03:33:46	time	joint_prismatic	matched	rapier-simd8	1	default	3	1	13.3	0.0	0.1	0.1	1	0	kept	0
2026-10-08T03:34:18 2026-10-08T03:34:09	time	joint_prismatic	matched	rapier-simd8	4	default	3	1	8.4	0.2	0.1	0.1	1	0	kept	0,1,2,3
2026-10-08T03:34:42 2026-10-08T03:34:28	time	joint_prismatic	matched	rapier-serial	1	default	3	1	14.6	0.1	0.3	0.3	1	0	kept	0
2026-10-08T03:35:25 2026-10-08T03:34:52	time	joint_prismatic	matched	avian-serial	1	default	3	1	32.4	0.0	0.0	0.0	1	0	kept	0
2026-10-08T03:36:13 2026-10-08T03:35:35	time	joint_prismatic	defaults	avian-par	1	default	3	1	38.1	0.1	4.0	4.0	1	0	kept	0
2026-10-08T03:36:49 2026-10-08T03:36:23	time	joint_prismatic	defaults	avian-par	4	default	3	1	26.4	0.1	0.1	0.1	1	0	kept	0,1,2,3
2026-10-08T03:37:16 2026-10-08T03:36:59	time	joint_prismatic	defaults	jolt	1	default	3	1	16.3	0.1	0.1	0.1	1	0	kept	0
2026-10-08T03:37:34 2026-10-08T03:37:26	time	joint_prismatic	defaults	jolt	4	default	3	1	8.5	0.1	0.0	0.0	1	0	kept	0,1,2,3
2026-10-08T03:37:59 2026-10-08T03:37:44	time	joint_prismatic	defaults	rapier-par	1	default	3	1	15.3	0.1	0.0	0.0	1	0	kept	0
2026-10-08T03:38:18 2026-10-08T03:38:09	time	joint_prismatic	defaults	rapier-par	4	default	3	1	8.9	0.1	0.0	0.0	1	0	kept	0,1,2,3
2026-10-08T03:38:37 2026-10-08T03:38:28	time	joint_revolute	matched	rapier-simd8	1	default	3	1	8.3	0.1	0.1	0.1	1	0	kept	0
2026-10-08T03:38:53 2026-10-08T03:38:47	time	joint_revolute	matched	rapier-simd8	4	default	3	1	6.2	0.0	0.1	0.1	1	0	kept	0,1,2,3
2026-10-08T03:39:12 2026-10-08T03:39:03	time	joint_revolute	matched	rapier-serial	1	default	3	1	9.1	0.4	0.2	0.2	1	0	kept	0
2026-10-08T03:39:34 2026-10-08T03:39:22	time	joint_revolute	matched	avian-serial	1	default	3	1	12.3	0.1	0.0	0.0	1	0	kept	0
2026-10-08T03:40:26 2026-10-08T03:39:44	time	joint_revolute	defaults	avian-par	1	default	3	1	41.6	0.1	0.0	0.0	1	0	kept	0
2026-10-08T03:41:03 2026-10-08T03:40:36	time	joint_revolute	defaults	avian-par	4	default	3	1	26.8	0.1	0.1	0.1	1	0	kept	0,1,2,3
2026-10-08T03:41:22 2026-10-08T03:41:13	time	joint_revolute	defaults	jolt	1	default	3	1	9.7	0.1	0.1	0.1	1	0	kept	0
2026-10-08T03:41:39 2026-10-08T03:41:32	time	joint_revolute	defaults	jolt	4	default	3	1	6.4	0.0	0.0	0.0	1	0	kept	0,1,2,3
2026-10-08T03:41:59 2026-10-08T03:41:49	time	joint_revolute	defaults	rapier-par	1	default	3	1	9.9	0.1	4.0	4.0	1	0	kept	0
2026-10-08T03:42:15 2026-10-08T03:42:09	time	joint_revolute	defaults	rapier-par	4	default	3	1	6.7	0.1	0.1	0.1	1	0	kept	0,1,2,3
2026-10-08T03:42:15 plan extras repeat 3 done
2026-10-08T03:42:15 plan split repeat 3; pinned CPUs [0, 1, 2, 3, 4, 5, 6, 7, 8, 9, 10, 11, 12, 13, 14, 15]
2026-10-08T03:42:36 2026-10-08T03:42:25	split	balls	matched	avian-par	1	default	3	1	10.3	0.1	0.1	0.1	1	0	kept	0
2026-10-08T03:42:53 2026-10-08T03:42:46	split	balls	matched	avian-par	4	default	3	1	7.6	0.2	0.1	0.1	1	0	kept	0,1,2,3
2026-10-08T03:43:15 2026-10-08T03:43:03	split	boxes	matched	avian-par	1	default	3	1	12.0	0.2	0.1	0.1	1	0	kept	0
2026-10-08T03:43:34 2026-10-08T03:43:25	split	boxes	matched	avian-par	4	default	3	1	8.9	0.0	0.1	0.1	1	0	kept	0,1,2,3
2026-10-08T03:43:55 2026-10-08T03:43:44	split	capsules	matched	avian-par	1	default	3	1	10.7	0.2	0.1	0.1	1	0	kept	0
2026-10-08T03:44:13 2026-10-08T03:44:05	split	capsules	matched	avian-par	4	default	3	1	8.1	0.1	0.0	0.0	1	0	kept	0,1,2,3
2026-10-08T03:49:53 2026-10-08T03:44:23	split	pyramid	matched	avian-par	1	default	3	1	330.1	0.1	0.1	0.1	6	0	kept	0
2026-10-08T03:52:17 2026-10-08T03:50:03	split	pyramid	matched	avian-par	4	default	3	1	134.1	0.3	0.1	0.1	3	0	kept	0,1,2,3
2026-10-08T03:53:14 2026-10-08T03:52:27	split	many_pyramids	matched	avian-par	1	default	3	1	46.5	0.1	0.1	0.1	1	0	kept	0
2026-10-08T03:53:45 2026-10-08T03:53:24	split	many_pyramids	matched	avian-par	4	default	3	1	21.3	0.1	0.0	0.0	1	0	kept	0,1,2,3
2026-10-08T03:59:12 2026-10-08T03:53:55	split	keva	matched	avian-par	1	default	3	1	317.4	0.1	0.1	0.2	6	0	kept	0
2026-10-08T04:01:28 2026-10-08T03:59:22	split	keva	matched	avian-par	4	default	3	1	125.3	2.5	0.1	0.1	3	0	kept	0,1,2,3
2026-10-08T04:01:55 2026-10-08T04:01:38	split	joint_ball	matched	avian-par	1	default	3	1	17.2	0.1	0.0	0.0	1	0	kept	0
2026-10-08T04:02:19 2026-10-08T04:02:05	split	joint_ball	matched	avian-par	4	default	3	1	14.1	0.1	0.0	0.0	1	0	kept	0,1,2,3
2026-10-08T04:02:44 2026-10-08T04:02:29	split	joint_fixed	matched	avian-par	1	default	3	1	14.5	0.1	0.0	0.0	1	0	kept	0
2026-10-08T04:03:07 2026-10-08T04:02:54	split	joint_fixed	matched	avian-par	4	default	3	1	13.5	0.0	0.1	0.1	1	0	kept	0,1,2,3
2026-10-08T04:03:51 2026-10-08T04:03:17	split	joint_prismatic	matched	avian-par	1	default	3	1	33.5	0.1	0.0	0.0	1	0	kept	0
2026-10-08T04:04:24 2026-10-08T04:04:01	split	joint_prismatic	matched	avian-par	4	default	3	1	23.3	0.1	0.1	0.1	1	0	kept	0,1,2,3
2026-10-08T04:04:47 2026-10-08T04:04:34	split	joint_revolute	matched	avian-par	1	default	3	1	12.9	0.2	0.0	0.0	1	0	kept	0
2026-10-08T04:05:08 2026-10-08T04:04:57	split	joint_revolute	matched	avian-par	4	default	3	1	10.8	0.1	3.9	3.9	1	0	kept	0,1,2,3
2026-10-08T04:05:08 plan split repeat 3 done
2026-10-08T04:05:08 plan sweep repeat 3; pinned CPUs [0, 1, 2, 3, 4, 5, 6, 7, 8, 9, 10, 11, 12, 13, 14, 15]
2026-10-08T04:05:36 2026-10-08T04:05:18	sweep	many_pyramids	matched	avian-par	4	2	3	1	17.8	0.1	0.1	0.1	1	0	kept	0,1,2,3
2026-10-08T04:05:55 2026-10-08T04:05:46	sweep	many_pyramids	matched	jolt	4	2	3	1	9.6	0.1	0.1	0.1	1	0	kept	0,1,2,3
2026-10-08T04:06:14 2026-10-08T04:06:05	sweep	many_pyramids	matched	rapier-par	4	2	3	1	9.3	0.1	0.1	0.1	1	0	kept	0,1,2,3
2026-10-08T04:06:46 2026-10-08T04:06:24	sweep	many_pyramids	matched	avian-par	4	4	3	1	21.3	0.1	0.0	0.0	1	0	kept	0,1,2,3
2026-10-08T04:07:04 2026-10-08T04:06:56	sweep	many_pyramids	matched	jolt	4	4	3	1	8.8	0.2	0.1	0.1	1	0	kept	0,1,2,3
2026-10-08T04:07:25 2026-10-08T04:07:14	sweep	many_pyramids	matched	rapier-par	4	4	3	1	10.1	0.2	0.1	0.1	1	0	kept	0,1,2,3
2026-10-08T04:08:03 2026-10-08T04:07:35	sweep	many_pyramids	matched	avian-par	4	8	3	1	28.1	0.0	1.5	1.5	1	0	kept	0,1,2,3
2026-10-08T04:08:22 2026-10-08T04:08:13	sweep	many_pyramids	matched	jolt	4	8	3	1	9.6	0.1	0.1	0.1	1	0	kept	0,1,2,3
2026-10-08T04:08:44 2026-10-08T04:08:32	sweep	many_pyramids	matched	rapier-par	4	8	3	1	11.5	0.0	0.0	0.0	1	0	kept	0,1,2,3
2026-10-08T04:09:03 2026-10-08T04:08:54	sweep	joint_revolute	matched	avian-par	4	2	3	1	8.9	0.1	0.4	0.4	1	0	kept	0,1,2,3
2026-10-08T04:09:18 2026-10-08T04:09:13	sweep	joint_revolute	matched	jolt	4	2	3	1	5.6	0.2	0.1	0.1	1	1	kept	0,1,2,3
2026-10-08T04:09:34 2026-10-08T04:09:28	sweep	joint_revolute	matched	rapier-par	4	2	3	1	6.0	0.1	0.1	0.1	1	0	kept	0,1,2,3
2026-10-08T04:09:55 2026-10-08T04:09:44	sweep	joint_revolute	matched	avian-par	4	4	3	1	10.8	0.1	0.2	0.2	1	0	kept	0,1,2,3
2026-10-08T04:10:11 2026-10-08T04:10:05	sweep	joint_revolute	matched	jolt	4	4	3	1	6.2	0.4	0.1	0.1	1	0	kept	0,1,2,3
2026-10-08T04:10:28 2026-10-08T04:10:21	sweep	joint_revolute	matched	rapier-par	4	4	3	1	6.4	0.1	0.1	0.1	1	0	kept	0,1,2,3
2026-10-08T04:10:52 2026-10-08T04:10:38	sweep	joint_revolute	matched	avian-par	4	8	3	1	14.6	0.1	4.1	4.1	1	0	kept	0,1,2,3
2026-10-08T04:11:09 2026-10-08T04:11:02	sweep	joint_revolute	matched	jolt	4	8	3	1	6.3	0.1	0.0	0.0	1	0	kept	0,1,2,3
2026-10-08T04:11:26 2026-10-08T04:11:19	sweep	joint_revolute	matched	rapier-par	4	8	3	1	7.3	0.1	0.1	0.1	1	0	kept	0,1,2,3
2026-10-08T04:11:26 plan sweep repeat 3 done
2026-10-08T04:14:04 plan validate repeat 1; pinned CPUs [0, 1, 2, 3, 4, 5, 6, 7, 8, 9, 10, 11, 12, 13, 14, 15]
2026-10-08T04:14:16 2026-10-08T04:14:04	validate	boxes	matched	jolt	1,4,8,16	default	1	1	12.3	nan	0.0	0.0	0	0	kept	0,1,2,3,4,5,6,7,8,9,10,11,12,13,14,15
2026-10-08T04:14:25 2026-10-08T04:14:16	validate	boxes	matched	jolt-4	1,4,8,16	default	1	1	8.5	nan	0.0	0.0	0	0	kept	0,1,2,3,4,5,6,7,8,9,10,11,12,13,14,15
2026-10-08T04:14:31 2026-10-08T04:14:25	validate	boxes	matched	rapier-par	1,4,8,16	default	1	1	6.0	nan	0.0	0.0	0	0	kept	0,1,2,3,4,5,6,7,8,9,10,11,12,13,14,15
2026-10-08T04:14:55 2026-10-08T04:14:31	validate	boxes	matched	avian-par	1,4,8,16	default	1	1	24.5	nan	0.0	0.0	0	0	kept	0,1,2,3,4,5,6,7,8,9,10,11,12,13,14,15
2026-10-08T04:15:01 2026-10-08T04:14:55	validate	boxes	defaults	jolt	1,4,8,16	default	1	1	5.7	nan	0.0	0.0	0	0	kept	0,1,2,3,4,5,6,7,8,9,10,11,12,13,14,15
2026-10-08T04:15:05 2026-10-08T04:15:01	validate	boxes	defaults	jolt-4	1,4,8,16	default	1	1	4.1	nan	0.0	0.0	0	0	kept	0,1,2,3,4,5,6,7,8,9,10,11,12,13,14,15
2026-10-08T04:15:06 2026-10-08T04:15:05	validate	boxes	defaults	rapier-par	1,4,8,16	default	1	1	1.3	nan	0.0	0.0	0	0	kept	0,1,2,3,4,5,6,7,8,9,10,11,12,13,14,15
2026-10-08T04:15:39 2026-10-08T04:15:06	validate	boxes	defaults	avian-par	1,4,8,16	default	1	1	33.2	nan	0.0	0.0	0	0	kept	0,1,2,3,4,5,6,7,8,9,10,11,12,13,14,15
2026-10-08T04:24:23 2026-10-08T04:15:39	validate	pyramid	matched	jolt	1,4,8,16	default	1	1	523.5	nan	0.0	0.0	0	0	kept	0,1,2,3,4,5,6,7,8,9,10,11,12,13,14,15
2026-10-08T04:30:30 2026-10-08T04:24:23	validate	pyramid	matched	jolt-4	1,4,8,16	default	1	1	367.2	nan	0.0	0.0	0	0	kept	0,1,2,3,4,5,6,7,8,9,10,11,12,13,14,15
2026-10-08T04:35:38 2026-10-08T04:30:30	validate	pyramid	matched	rapier-par	1,4,8,16	default	1	1	308.0	nan	0.0	0.0	0	0	kept	0,1,2,3,4,5,6,7,8,9,10,11,12,13,14,15
2026-10-08T04:47:07 2026-10-08T04:35:38	validate	pyramid	matched	avian-par	1,4,8,16	default	1	1	688.6	nan	0.0	0.0	0	0	kept	0,1,2,3,4,5,6,7,8,9,10,11,12,13,14,15
2026-10-08T04:55:45 2026-10-08T04:47:07	validate	pyramid	defaults	jolt	1,4,8,16	default	1	1	518.0	nan	0.0	0.0	0	0	kept	0,1,2,3,4,5,6,7,8,9,10,11,12,13,14,15
2026-10-08T05:01:53 2026-10-08T04:55:45	validate	pyramid	defaults	jolt-4	1,4,8,16	default	1	1	368.0	nan	0.0	0.0	0	0	kept	0,1,2,3,4,5,6,7,8,9,10,11,12,13,14,15
2026-10-08T05:07:03 2026-10-08T05:01:53	validate	pyramid	defaults	rapier-par	1,4,8,16	default	1	1	310.7	nan	0.0	0.0	0	0	kept	0,1,2,3,4,5,6,7,8,9,10,11,12,13,14,15
2026-10-08T05:21:48 2026-10-08T05:07:03	validate	pyramid	defaults	avian-par	1,4,8,16	default	1	1	884.2	nan	0.0	0.0	0	0	kept	0,1,2,3,4,5,6,7,8,9,10,11,12,13,14,15
2026-10-08T05:22:31 2026-10-08T05:21:48	validate	many_pyramids	matched	jolt	1,4,8,16	default	1	1	43.5	nan	0.0	0.0	0	0	kept	0,1,2,3,4,5,6,7,8,9,10,11,12,13,14,15
2026-10-08T05:23:03 2026-10-08T05:22:31	validate	many_pyramids	matched	jolt-4	1,4,8,16	default	1	1	32.3	nan	0.0	0.0	0	0	kept	0,1,2,3,4,5,6,7,8,9,10,11,12,13,14,15
2026-10-08T05:23:31 2026-10-08T05:23:03	validate	many_pyramids	matched	rapier-par	1,4,8,16	default	1	1	28.1	nan	0.0	0.0	0	0	kept	0,1,2,3,4,5,6,7,8,9,10,11,12,13,14,15
2026-10-08T05:25:11 2026-10-08T05:23:31	validate	many_pyramids	matched	avian-par	1,4,8,16	default	1	1	99.6	nan	0.0	0.0	0	0	kept	0,1,2,3,4,5,6,7,8,9,10,11,12,13,14,15
2026-10-08T05:25:18 2026-10-08T05:25:11	validate	many_pyramids	defaults	jolt	1,4,8,16	default	1	1	6.5	nan	0.0	0.0	0	0	kept	0,1,2,3,4,5,6,7,8,9,10,11,12,13,14,15
2026-10-08T05:25:44 2026-10-08T05:25:18	validate	many_pyramids	defaults	jolt-4	1,4,8,16	default	1	1	26.6	nan	0.0	0.0	0	0	kept	0,1,2,3,4,5,6,7,8,9,10,11,12,13,14,15
2026-10-08T05:25:48 2026-10-08T05:25:44	validate	many_pyramids	defaults	rapier-par	1,4,8,16	default	1	1	4.1	nan	0.0	0.0	0	0	kept	0,1,2,3,4,5,6,7,8,9,10,11,12,13,14,15
2026-10-08T05:27:44 2026-10-08T05:25:48	validate	many_pyramids	defaults	avian-par	1,4,8,16	default	1	1	116.0	nan	0.0	0.0	0	0	kept	0,1,2,3,4,5,6,7,8,9,10,11,12,13,14,15
2026-10-08T05:38:49 2026-10-08T05:27:44	validate	keva	matched	jolt	1,4,8,16	default	1	1	664.3	nan	0.0	0.0	0	0	kept	0,1,2,3,4,5,6,7,8,9,10,11,12,13,14,15
2026-10-08T05:52:00 2026-10-08T05:38:49	validate	keva	matched	jolt-4	1,4,8,16	default	1	1	791.2	nan	0.0	0.0	0	0	kept	0,1,2,3,4,5,6,7,8,9,10,11,12,13,14,15
2026-10-08T05:59:58 2026-10-08T05:52:00	validate	keva	matched	rapier-par	1,4,8,16	default	1	1	478.6	nan	0.0	0.0	0	0	kept	0,1,2,3,4,5,6,7,8,9,10,11,12,13,14,15
2026-10-08T06:10:39 2026-10-08T05:59:58	validate	keva	matched	avian-par	1,4,8,16	default	1	1	640.9	nan	0.0	0.0	0	0	kept	0,1,2,3,4,5,6,7,8,9,10,11,12,13,14,15
2026-10-08T06:21:26 2026-10-08T06:10:39	validate	keva	defaults	jolt	1,4,8,16	default	1	1	647.0	nan	0.0	0.0	0	0	kept	0,1,2,3,4,5,6,7,8,9,10,11,12,13,14,15
2026-10-08T06:34:29 2026-10-08T06:21:26	validate	keva	defaults	jolt-4	1,4,8,16	default	1	1	782.8	nan	0.0	0.0	0	0	kept	0,1,2,3,4,5,6,7,8,9,10,11,12,13,14,15
2026-10-08T06:42:25 2026-10-08T06:34:29	validate	keva	defaults	rapier-par	1,4,8,16	default	1	1	475.5	nan	0.0	0.0	0	0	kept	0,1,2,3,4,5,6,7,8,9,10,11,12,13,14,15
2026-10-08T06:57:38 2026-10-08T06:42:25	validate	keva	defaults	avian-par	1,4,8,16	default	1	1	912.9	nan	0.0	0.0	0	0	kept	0,1,2,3,4,5,6,7,8,9,10,11,12,13,14,15
2026-10-08T06:57:38 plan validate repeat 1 done
