mode	run_id	variant	scene	profile	threads	iterations	steps	build_ns	cpu_ns	wall_ns	busy_cores	peak_resident	peak_commit	baseline_resident	baseline_commit
time	time-r1-jolt-balls-matched-t1	jolt	balls	matched	1	default	600	4992379	2850000000	2857550252	0.997	16076800	0	5558272	0
time	time-r1-jolt-balls-matched-t4	jolt	balls	matched	4	default	600	5262385	4260000000	1105340807	3.854	16756736	0	5414912	0
time	time-r1-jolt-balls-matched-t8	jolt	balls	matched	8	default	600	5398139	5950000000	799860858	7.439	17375232	0	5210112	0
time	time-r1-jolt-balls-matched-t16	jolt	balls	matched	16	default	600	5622248	15510000000	1101941202	14.075	19345408	0	5529600	0
time	time-r1-jolt-4-balls-matched-t1	jolt-4	balls	matched	1	4	600	4991849	2540000000	2544525231	0.998	15904768	0	5320704	0
time	time-r1-jolt-4-balls-matched-t4	jolt-4	balls	matched	4	4	600	5253187	3880000000	1010182106	3.841	16756736	0	5488640	0
time	time-r1-jolt-4-balls-matched-t8	jolt-4	balls	matched	8	4	600	5232679	5550000000	750310709	7.397	17383424	0	5214208	0
time	time-r1-jolt-4-balls-matched-t16	jolt-4	balls	matched	16	4	600	5500130	15250000000	1084371663	14.063	19365888	0	5537792	0
time	time-r1-rapier-par-balls-matched-t1	rapier-par	balls	matched	1	default	600	4390824	2100000000	2102779537	0.999	38543360	0	3629056	0
time	time-r1-rapier-par-balls-matched-t4	rapier-par	balls	matched	4	default	600	4901830	2820000000	818884331	3.444	39321600	0	3596288	0
time	time-r1-rapier-par-balls-matched-t8	rapier-par	balls	matched	8	default	600	4968225	3650000000	598789495	6.096	39493632	0	3362816	0
time	time-r1-rapier-par-balls-matched-t16	rapier-par	balls	matched	16	default	600	8162169	13900000000	1157978398	12.004	40562688	0	3321856	0
time	time-r1-avian-par-balls-matched-t1	avian-par	balls	matched	1	default	600	63214023	5200000000	5194965968	1.001	42254336	0	11558912	0
time	time-r1-avian-par-balls-matched-t4	avian-par	balls	matched	4	default	600	65229362	6210000000	2459541989	2.525	45015040	0	11669504	0
time	time-r1-avian-par-balls-matched-t8	avian-par	balls	matched	8	default	600	64699389	7300000000	2349993542	3.106	47820800	0	11706368	0
time	time-r1-avian-par-balls-matched-t16	avian-par	balls	matched	16	default	600	65022465	14390000000	3975585746	3.620	54034432	0	11608064	0
time	time-r1-jolt-boxes-matched-t1	jolt	boxes	matched	1	default	600	1126217	3930000000	3943532758	0.997	13238272	0	4620288	0
time	time-r1-jolt-boxes-matched-t4	jolt	boxes	matched	4	default	600	1225101	6070000000	1548242135	3.921	14073856	0	4931584	0
time	time-r1-jolt-boxes-matched-t8	jolt	boxes	matched	8	default	600	1660978	8400000000	1090594439	7.702	14798848	0	5095424	0
time	time-r1-jolt-boxes-matched-t16	jolt	boxes	matched	16	default	600	1540923	27840000000	1867740524	14.906	16044032	0	5099520	0
time	time-r1-jolt-4-boxes-matched-t1	jolt-4	boxes	matched	1	4	600	1111580	2660000000	2661186930	1.000	13746176	0	5152768	0
time	time-r1-jolt-4-boxes-matched-t4	jolt-4	boxes	matched	4	4	600	1560139	4310000000	1118995751	3.852	14266368	0	5140480	0
time	time-r1-jolt-4-boxes-matched-t8	jolt-4	boxes	matched	8	4	600	1422541	6220000000	828968279	7.503	14786560	0	5054464	0
time	time-r1-jolt-4-boxes-matched-t16	jolt-4	boxes	matched	16	4	600	1581479	19390000000	1350424151	14.358	16117760	0	5140480	0
time	time-r1-rapier-par-boxes-matched-t1	rapier-par	boxes	matched	1	default	600	891107	2000000000	2011968567	0.994	26107904	0	3067904	0
time	time-r1-rapier-par-boxes-matched-t4	rapier-par	boxes	matched	4	default	600	1332904	2790000000	712603486	3.915	26312704	0	3301376	0
time	time-r1-rapier-par-boxes-matched-t8	rapier-par	boxes	matched	8	default	600	1529211	3580000000	467374895	7.660	26832896	0	3293184	0
time	time-r1-rapier-par-boxes-matched-t16	rapier-par	boxes	matched	16	default	600	2358833	16600000000	1096249782	15.143	27303936	0	3227648	0
time	time-r1-avian-par-boxes-matched-t1	avian-par	boxes	matched	1	default	600	7744239	6940000000	6941163360	1.000	30994432	0	11284480	0
time	time-r1-avian-par-boxes-matched-t4	avian-par	boxes	matched	4	default	600	7885491	9710000000	3870179738	2.509	32952320	0	11350016	0
time	time-r1-avian-par-boxes-matched-t8	avian-par	boxes	matched	8	default	600	8708901	11290000000	3376069294	3.344	33898496	0	11341824	0
time	time-r1-avian-par-boxes-matched-t16	avian-par	boxes	matched	16	default	600	9866126	22270000000	6099754228	3.651	38416384	0	11333632	0
time	time-r1-jolt-capsules-matched-t1	jolt	capsules	matched	1	default	600	2279514	4460000000	4469100328	0.998	13914112	0	5222400	0
time	time-r1-jolt-capsules-matched-t4	jolt	capsules	matched	4	default	600	2861934	5980000000	1602071391	3.733	14434304	0	5136384	0
time	time-r1-jolt-capsules-matched-t8	jolt	capsules	matched	8	default	600	2478747	7800000000	1103338634	7.069	15167488	0	5210112	0
time	time-r1-jolt-capsules-matched-t16	jolt	capsules	matched	16	default	600	2677439	22620000000	1653213277	13.682	16785408	0	5144576	0
time	time-r1-jolt-4-capsules-matched-t1	jolt-4	capsules	matched	1	4	600	2280245	4520000000	4526299752	0.999	15319040	0	5218304	0
time	time-r1-jolt-4-capsules-matched-t4	jolt-4	capsules	matched	4	4	600	2369553	6250000000	1671131373	3.740	15785984	0	4952064	0
time	time-r1-jolt-4-capsules-matched-t8	jolt-4	capsules	matched	8	4	600	2894614	8230000000	1159650776	7.097	16519168	0	4894720	0
time	time-r1-jolt-4-capsules-matched-t16	jolt-4	capsules	matched	16	4	600	2653944	21690000000	1600876802	13.549	17829888	0	4718592	0
time	time-r1-rapier-par-capsules-matched-t1	rapier-par	capsules	matched	1	default	600	2145423	2570000000	2576165098	0.998	39026688	0	3416064	0
time	time-r1-rapier-par-capsules-matched-t4	rapier-par	capsules	matched	4	default	600	2796612	3630000000	1012132009	3.586	40808448	0	3371008	0
time	time-r1-rapier-par-capsules-matched-t8	rapier-par	capsules	matched	8	default	600	2832980	4900000000	752001144	6.516	41603072	0	3317760	0
time	time-r1-rapier-par-capsules-matched-t16	rapier-par	capsules	matched	16	default	600	3849341	16170000000	1379745996	11.720	42356736	0	3362816	0
time	time-r1-avian-par-capsules-matched-t1	avian-par	capsules	matched	1	default	600	21419740	5690000000	5679816827	1.002	35913728	0	11345920	0
time	time-r1-avian-par-capsules-matched-t4	avian-par	capsules	matched	4	default	600	21497387	7330000000	3067359627	2.390	38277120	0	11415552	0
time	time-r1-avian-par-capsules-matched-t8	avian-par	capsules	matched	8	default	600	22153565	8340000000	2569646005	3.246	41181184	0	11415552	0
time	time-r1-avian-par-capsules-matched-t16	avian-par	capsules	matched	16	default	600	23300288	16570000000	4267335887	3.883	45572096	0	11464704	0
time	time-r1-jolt-pyramid-matched-t1	jolt	pyramid	matched	1	default	600	31139726	260540000000	260558536160	1.000	191463424	0	6762496	0
time	time-r1-jolt-pyramid-matched-t4	jolt	pyramid	matched	4	default	600	31026665	369310000000	94769638763	3.897	197595136	0	6774784	0
time	time-r1-jolt-pyramid-matched-t8	jolt	pyramid	matched	8	default	600	31386638	516610000000	67466410104	7.657	200220672	0	6795264	0
time	time-r1-jolt-pyramid-matched-t16	jolt	pyramid	matched	16	default	600	31519126	977780000000	64909944741	15.064	211120128	0	6422528	0
time	time-r1-jolt-4-pyramid-matched-t1	jolt-4	pyramid	matched	1	4	600	30330391	171990000000	172008483121	1.000	193703936	0	6791168	0
time	time-r1-jolt-4-pyramid-matched-t4	jolt-4	pyramid	matched	4	4	600	31233632	254830000000	66213010915	3.849	199036928	0	6631424	0
time	time-r1-jolt-4-pyramid-matched-t8	jolt-4	pyramid	matched	8	4	600	30054636	360800000000	48039777833	7.510	202059776	0	6586368	0
time	time-r1-jolt-4-pyramid-matched-t16	jolt-4	pyramid	matched	16	4	600	31371750	699970000000	47585686170	14.710	212021248	0	6533120	0
time	time-r1-rapier-par-pyramid-matched-t1	rapier-par	pyramid	matched	1	default	600	28854271	141320000000	141326750155	1.000	505933824	0	4853760	0
time	time-r1-rapier-par-pyramid-matched-t4	rapier-par	pyramid	matched	4	default	600	28878176	237800000000	62608401555	3.798	507850752	0	4648960	0
time	time-r1-rapier-par-pyramid-matched-t8	rapier-par	pyramid	matched	8	default	600	30170143	387310000000	52207816710	7.419	505540608	0	4911104	0
time	time-r1-rapier-par-pyramid-matched-t16	rapier-par	pyramid	matched	16	default	600	30757251	650250000000	45260393403	14.367	508121088	0	4800512	0
time	time-r1-avian-par-pyramid-matched-t1	avian-par	pyramid	matched	1	default	600	836579706	323780000000	323793889764	1.000	299155456	0	12922880	0
time	time-r1-avian-par-pyramid-matched-t4	avian-par	pyramid	matched	4	default	600	821721682	355740000000	128392241929	2.771	343064576	0	12820480	0
time	time-r1-avian-par-pyramid-matched-t8	avian-par	pyramid	matched	8	default	600	891033358	399310000000	90952532849	4.390	326852608	0	12984320	0
time	time-r1-avian-par-pyramid-matched-t16	avian-par	pyramid	matched	16	default	600	814258395	542810000000	89877626875	6.039	364920832	0	12918784	0
time	time-r1-jolt-many_pyramids-matched-t1	jolt	many_pyramids	matched	1	default	600	5526808	15220000000	15226018437	1.000	34164736	0	5378048	0
time	time-r1-jolt-many_pyramids-matched-t4	jolt	many_pyramids	matched	4	default	600	5825547	20220000000	5119701678	3.949	35430400	0	5509120	0
time	time-r1-jolt-many_pyramids-matched-t8	jolt	many_pyramids	matched	8	default	600	5915645	24670000000	3153703508	7.823	36155392	0	5144576	0
time	time-r1-jolt-many_pyramids-matched-t16	jolt	many_pyramids	matched	16	default	600	6156215	86270000000	5525764162	15.612	38752256	0	5341184	0
time	time-r1-jolt-4-many_pyramids-matched-t1	jolt-4	many_pyramids	matched	1	4	600	5625382	10910000000	10912606314	1.000	34271232	0	5480448	0
time	time-r1-jolt-4-many_pyramids-matched-t4	jolt-4	many_pyramids	matched	4	4	600	5727866	14670000000	3732795942	3.930	35594240	0	5541888	0
time	time-r1-jolt-4-many_pyramids-matched-t8	jolt-4	many_pyramids	matched	8	4	600	6132151	18970000000	2448786628	7.747	36413440	0	5451776	0
time	time-r1-jolt-4-many_pyramids-matched-t16	jolt-4	many_pyramids	matched	16	4	600	6479811	62340000000	4062564333	15.345	38912000	0	5492736	0
time	time-r1-rapier-par-many_pyramids-matched-t1	rapier-par	many_pyramids	matched	1	default	600	7171455	13950000000	13945102879	1.000	89890816	0	3657728	0
time	time-r1-rapier-par-many_pyramids-matched-t4	rapier-par	many_pyramids	matched	4	default	600	7604294	19030000000	5068208535	3.755	90636288	0	3637248	0
time	time-r1-rapier-par-many_pyramids-matched-t8	rapier-par	many_pyramids	matched	8	default	600	7275740	27260000000	3812819684	7.150	90796032	0	3567616	0
time	time-r1-rapier-par-many_pyramids-matched-t16	rapier-par	many_pyramids	matched	16	default	600	8587673	41610000000	3098338953	13.430	91451392	0	3596288	0
time	time-r1-avian-par-many_pyramids-matched-t1	avian-par	many_pyramids	matched	1	default	600	69542375	41000000000	41005496157	1.000	67637248	0	11726848	0
time	time-r1-avian-par-many_pyramids-matched-t4	avian-par	many_pyramids	matched	4	default	600	69066041	46530000000	16011350883	2.906	73166848	0	11313152	0
time	time-r1-avian-par-many_pyramids-matched-t8	avian-par	many_pyramids	matched	8	default	600	70998534	50070000000	10555831409	4.743	73678848	0	11743232	0
time	time-r1-avian-par-many_pyramids-matched-t16	avian-par	many_pyramids	matched	16	default	600	71347252	90540000000	16548503982	5.471	85520384	0	11370496	0
time	time-r1-jolt-keva-matched-t1	jolt	keva	matched	1	default	600	28391498	360160000000	360176725934	1.000	251285504	0	6541312	0
time	time-r1-jolt-keva-matched-t4	jolt	keva	matched	4	default	600	29218007	473750000000	120579450876	3.929	257286144	0	6443008	0
time	time-r1-jolt-keva-matched-t8	jolt	keva	matched	8	default	600	28628224	599530000000	77492515451	7.737	259411968	0	6303744	0
time	time-r1-jolt-keva-matched-t16	jolt	keva	matched	16	default	600	29018716	999230000000	65804123124	15.185	266747904	0	6590464	0
time	time-r1-jolt-4-keva-matched-t1	jolt-4	keva	matched	1	4	600	27800211	437690000000	437706688261	1.000	317771776	0	6639616	0
time	time-r1-jolt-4-keva-matched-t4	jolt-4	keva	matched	4	4	600	28386068	562530000000	142925936350	3.936	322170880	0	6565888	0
time	time-r1-jolt-4-keva-matched-t8	jolt-4	keva	matched	8	4	600	31811434	707770000000	91229353163	7.758	324390912	0	6488064	0
time	time-r1-jolt-4-keva-matched-t16	jolt-4	keva	matched	16	4	600	29666987	1154250000000	75805438943	15.226	331673600	0	6569984	0
time	time-r1-rapier-par-keva-matched-t1	rapier-par	keva	matched	1	default	600	28013576	213790000000	213807808680	1.000	711118848	0	4698112	0
time	time-r1-rapier-par-keva-matched-t4	rapier-par	keva	matched	4	default	600	28669475	379310000000	99111003281	3.827	713682944	0	4726784	0
time	time-r1-rapier-par-keva-matched-t8	rapier-par	keva	matched	8	default	600	28544564	623650000000	82947545155	7.519	717115392	0	4497408	0
time	time-r1-rapier-par-keva-matched-t16	rapier-par	keva	matched	16	default	600	29165924	1083950000000	73599867449	14.728	724320256	0	4599808	0
time	time-r1-avian-par-keva-matched-t1	avian-par	keva	matched	1	default	600	714749438	313570000000	313581218213	1.000	455258112	0	12812288	0
time	time-r1-avian-par-keva-matched-t4	avian-par	keva	matched	4	default	600	704436995	318070000000	120508815052	2.639	523841536	0	12587008	0
time	time-r1-avian-par-keva-matched-t8	avian-par	keva	matched	8	default	600	699290126	343480000000	82042710162	4.187	498294784	0	12472320	0
time	time-r1-avian-par-keva-matched-t16	avian-par	keva	matched	16	default	600	724392894	450190000000	75678367448	5.949	511401984	0	12550144	0
time	time-r1-jolt-joint_ball-matched-t1	jolt	joint_ball	matched	1	default	600	218068315	6880000000	6880137817	1.000	27070464	0	6889472	0
time	time-r1-jolt-joint_ball-matched-t4	jolt	joint_ball	matched	4	default	600	220615162	9270000000	2709362342	3.421	27947008	0	6717440	0
time	time-r1-jolt-joint_ball-matched-t8	jolt	joint_ball	matched	8	default	600	212556026	42170000000	6773512414	6.226	29052928	0	6856704	0
time	time-r1-jolt-joint_ball-matched-t16	jolt	joint_ball	matched	16	default	600	222110789	100230000000	8871726468	11.298	31412224	0	6729728	0
time	time-r1-jolt-4-joint_ball-matched-t1	jolt-4	joint_ball	matched	1	4	600	219687430	5530000000	5531031403	1.000	27107328	0	6524928	0
time	time-r1-jolt-4-joint_ball-matched-t4	jolt-4	joint_ball	matched	4	4	600	220722811	7430000000	2239731050	3.317	28164096	0	6836224	0
time	time-r1-jolt-4-joint_ball-matched-t8	jolt-4	joint_ball	matched	8	4	600	213502337	39360000000	6766570422	5.817	29167616	0	6672384	0
time	time-r1-jolt-4-joint_ball-matched-t16	jolt-4	joint_ball	matched	16	4	600	220371563	34040000000	3082213482	11.044	31653888	0	6864896	0
time	time-r1-rapier-par-joint_ball-matched-t1	rapier-par	joint_ball	matched	1	default	600	13671368	6340000000	6329209308	1.002	64245760	0	4898816	0
time	time-r1-rapier-par-joint_ball-matched-t4	rapier-par	joint_ball	matched	4	default	600	13719709	7640000000	2181818230	3.502	64909312	0	5066752	0
time	time-r1-rapier-par-joint_ball-matched-t8	rapier-par	joint_ball	matched	8	default	600	13938799	9650000000	1546673695	6.239	65814528	0	4747264	0
time	time-r1-rapier-par-joint_ball-matched-t16	rapier-par	joint_ball	matched	16	default	600	15614072	35690000000	2758067042	12.940	67088384	0	4710400	0
time	time-r1-avian-par-joint_ball-matched-t1	avian-par	joint_ball	matched	1	default	600	107132412	12000000000	12001577812	1.000	83820544	0	12836864	0
time	time-r1-avian-par-joint_ball-matched-t4	avian-par	joint_ball	matched	4	default	600	110327518	14230000000	8778853841	1.621	91578368	0	13176832	0
time	time-r1-avian-par-joint_ball-matched-t8	avian-par	joint_ball	matched	8	default	600	109109368	15290000000	8038860271	1.902	92483584	0	13176832	0
time	time-r1-avian-par-joint_ball-matched-t16	avian-par	joint_ball	matched	16	default	600	117239380	24660000000	9936110731	2.482	95023104	0	12886016	0
time	time-r1-jolt-joint_fixed-matched-t1	jolt	joint_fixed	matched	1	default	600	227260827	9210000000	9209047895	1.000	32366592	0	6774784	0
time	time-r1-jolt-joint_fixed-matched-t4	jolt	joint_fixed	matched	4	default	600	230302438	10220000000	2620430940	3.900	33177600	0	7028736	0
time	time-r1-jolt-joint_fixed-matched-t8	jolt	joint_fixed	matched	8	default	600	232581715	10860000000	1424049807	7.626	33943552	0	6934528	0
time	time-r1-jolt-joint_fixed-matched-t16	jolt	joint_fixed	matched	16	default	600	224016134	19170000000	1646571333	11.642	35885056	0	6832128	0
time	time-r1-jolt-4-joint_fixed-matched-t1	jolt-4	joint_fixed	matched	1	4	600	227253005	7770000000	7775073910	0.999	32616448	0	6905856	0
time	time-r1-jolt-4-joint_fixed-matched-t4	jolt-4	joint_fixed	matched	4	4	600	224808323	8680000000	2233659042	3.886	33656832	0	7008256	0
time	time-r1-jolt-4-joint_fixed-matched-t8	jolt-4	joint_fixed	matched	8	4	600	222576845	9130000000	1207267316	7.563	34562048	0	6737920	0
time	time-r1-jolt-4-joint_fixed-matched-t16	jolt-4	joint_fixed	matched	16	4	600	235805771	17650000000	1640166948	10.761	37347328	0	6832128	0
time	time-r1-rapier-par-joint_fixed-matched-t1	rapier-par	joint_fixed	matched	1	default	600	14110780	10250000000	10243428386	1.001	65212416	0	4886528	0
time	time-r1-rapier-par-joint_fixed-matched-t4	rapier-par	joint_fixed	matched	4	default	600	14695173	12880000000	3530257900	3.648	65589248	0	4968448	0
time	time-r1-rapier-par-joint_fixed-matched-t8	rapier-par	joint_fixed	matched	8	default	600	15499587	15990000000	2378509437	6.723	66048000	0	5156864	0
time	time-r1-rapier-par-joint_fixed-matched-t16	rapier-par	joint_fixed	matched	16	default	600	16100872	49710000000	3519629660	14.124	66564096	0	4984832	0
time	time-r1-avian-par-joint_fixed-matched-t1	avian-par	joint_fixed	matched	1	default	600	121511854	9280000000	9283306712	1.000	54853632	0	13172736	0
time	time-r1-avian-par-joint_fixed-matched-t4	avian-par	joint_fixed	matched	4	default	600	126523707	10250000000	8330420138	1.230	56160256	0	13148160	0
time	time-r1-avian-par-joint_fixed-matched-t8	avian-par	joint_fixed	matched	8	default	600	123873782	10560000000	8166128857	1.293	58064896	0	13180928	0
time	time-r1-avian-par-joint_fixed-matched-t16	avian-par	joint_fixed	matched	16	default	600	128265646	12990000000	9016500561	1.441	60006400	0	13062144	0
time	time-r1-jolt-joint_prismatic-matched-t1	jolt	joint_prismatic	matched	1	default	600	134537296	11060000000	11060293390	1.000	37855232	0	6987776	0
time	time-r1-jolt-joint_prismatic-matched-t4	jolt	joint_prismatic	matched	4	default	600	135229896	13010000000	3323879292	3.914	39026688	0	6692864	0
time	time-r1-jolt-joint_prismatic-matched-t8	jolt	joint_prismatic	matched	8	default	600	137253967	14030000000	1825696607	7.685	40497152	0	6746112	0
time	time-r1-jolt-joint_prismatic-matched-t16	jolt	joint_prismatic	matched	16	default	600	132241022	27460000000	2335271637	11.759	43700224	0	6615040	0
time	time-r1-jolt-4-joint_prismatic-matched-t1	jolt-4	joint_prismatic	matched	1	4	600	133949152	9400000000	9401556183	1.000	38166528	0	6602752	0
time	time-r1-jolt-4-joint_prismatic-matched-t4	jolt-4	joint_prismatic	matched	4	4	600	132622631	11320000000	2899895106	3.904	39731200	0	6946816	0
time	time-r1-jolt-4-joint_prismatic-matched-t8	jolt-4	joint_prismatic	matched	8	4	600	135895673	12350000000	1617084537	7.637	41168896	0	6967296	0
time	time-r1-jolt-4-joint_prismatic-matched-t16	jolt-4	joint_prismatic	matched	16	4	600	138007273	25640000000	2298671338	11.154	44507136	0	6918144	0
time	time-r1-rapier-par-joint_prismatic-matched-t1	rapier-par	joint_prismatic	matched	1	default	600	19976056	9450000000	9448421752	1.000	79937536	0	4870144	0
time	time-r1-rapier-par-joint_prismatic-matched-t4	rapier-par	joint_prismatic	matched	4	default	600	20614881	13070000000	3751270830	3.484	80789504	0	5087232	0
time	time-r1-rapier-par-joint_prismatic-matched-t8	rapier-par	joint_prismatic	matched	8	default	600	20321000	21000000000	3311770224	6.341	81272832	0	4837376	0
time	time-r1-rapier-par-joint_prismatic-matched-t16	rapier-par	joint_prismatic	matched	16	default	600	21663492	48590000000	3890565529	12.489	82317312	0	4923392	0
time	time-r1-avian-par-joint_prismatic-matched-t1	avian-par	joint_prismatic	matched	1	default	600	213999779	28200000000	28204920563	1.000	83222528	0	13316096	0
time	time-r1-avian-par-joint_prismatic-matched-t4	avian-par	joint_prismatic	matched	4	default	600	215996366	32890000000	18031585762	1.824	92856320	0	13180928	0
time	time-r1-avian-par-joint_prismatic-matched-t8	avian-par	joint_prismatic	matched	8	default	600	212956253	35720000000	15767590652	2.265	94511104	0	12906496	0
time	time-r1-avian-par-joint_prismatic-matched-t16	avian-par	joint_prismatic	matched	16	default	600	215411487	52930000000	19168901895	2.761	107864064	0	13160448	0
time	time-r1-jolt-joint_revolute-matched-t1	jolt	joint_revolute	matched	1	default	600	24734937	4790000000	4788346534	1.000	22573056	0	6037504	0
time	time-r1-jolt-joint_revolute-matched-t4	jolt	joint_revolute	matched	4	default	600	25053816	5280000000	1350326701	3.910	23502848	0	6098944	0
time	time-r1-jolt-joint_revolute-matched-t8	jolt	joint_revolute	matched	8	default	600	25268806	5620000000	744722648	7.546	24399872	0	5890048	0
time	time-r1-jolt-joint_revolute-matched-t16	jolt	joint_revolute	matched	16	default	600	26051079	12210000000	1166165532	10.470	26570752	0	5992448	0
time	time-r1-jolt-4-joint_revolute-matched-t1	jolt-4	joint_revolute	matched	1	4	600	24541837	3850000000	3852626597	0.999	22216704	0	5545984	0
time	time-r1-jolt-4-joint_revolute-matched-t4	jolt-4	joint_revolute	matched	4	4	600	24754243	4380000000	1125231477	3.893	23367680	0	6049792	0
time	time-r1-jolt-4-joint_revolute-matched-t8	jolt-4	joint_revolute	matched	8	4	600	25146238	4670000000	655501620	7.124	24317952	0	6066176	0
time	time-r1-jolt-4-joint_revolute-matched-t16	jolt-4	joint_revolute	matched	16	4	600	26050178	12020000000	1207173364	9.957	26423296	0	6025216	0
time	time-r1-rapier-par-joint_revolute-matched-t1	rapier-par	joint_revolute	matched	1	default	600	9976457	4030000000	4023326440	1.002	43724800	0	3960832	0
time	time-r1-rapier-par-joint_revolute-matched-t4	rapier-par	joint_revolute	matched	4	default	600	10398157	5040000000	1421631140	3.545	44449792	0	4243456	0
time	time-r1-rapier-par-joint_revolute-matched-t8	rapier-par	joint_revolute	matched	8	default	600	10986978	6340000000	995495304	6.369	44982272	0	4136960	0
time	time-r1-rapier-par-joint_revolute-matched-t16	rapier-par	joint_revolute	matched	16	default	600	11726961	25350000000	1999979125	12.675	45871104	0	4149248	0
time	time-r1-avian-par-joint_revolute-matched-t1	avian-par	joint_revolute	matched	1	default	600	69999573	7870000000	7864943057	1.001	44843008	0	12279808	0
time	time-r1-avian-par-joint_revolute-matched-t4	avian-par	joint_revolute	matched	4	default	600	68728904	9090000000	5753822254	1.580	46395392	0	12177408	0
time	time-r1-avian-par-joint_revolute-matched-t8	avian-par	joint_revolute	matched	8	default	600	69086353	9590000000	5361810623	1.789	48164864	0	12201984	0
time	time-r1-avian-par-joint_revolute-matched-t16	avian-par	joint_revolute	matched	16	default	600	71723544	12810000000	6241065853	2.053	52092928	0	12201984	0
time	time-r1-rapier-simd8-balls-matched-t1	rapier-simd8	balls	matched	1	default	600	4366346	1890000000	1889475649	1.000	39759872	0	3481600	0
time	time-r1-rapier-simd8-balls-matched-t4	rapier-simd8	balls	matched	4	default	600	5090400	2570000000	744326826	3.453	39624704	0	3481600	0
time	time-r1-rapier-serial-balls-matched-t1	rapier-serial	balls	matched	1	default	600	4021080	2050000000	2052347860	0.999	37011456	0	3514368	0
time	time-r1-avian-serial-balls-matched-t1	avian-serial	balls	matched	1	default	600	62222398	4590000000	4578886538	1.002	40738816	0	11476992	0
time	time-r1-jolt-balls-defaults-t1	jolt	balls	defaults	1	default	600	4915462	2600000000	2607523786	0.997	15900672	0	5324800	0
time	time-r1-jolt-balls-defaults-t4	jolt	balls	defaults	4	default	600	5226515	3860000000	1003167318	3.848	16695296	0	5480448	0
time	time-r1-rapier-par-balls-defaults-t1	rapier-par	balls	defaults	1	default	600	4151795	630000000	634189825	0.993	38752256	0	3567616	0
time	time-r1-rapier-par-balls-defaults-t4	rapier-par	balls	defaults	4	default	600	4717332	870000000	291077205	2.989	39596032	0	3547136	0
time	time-r1-avian-par-balls-defaults-t1	avian-par	balls	defaults	1	default	600	60118523	3620000000	3613675625	1.002	49115136	0	11517952	0
time	time-r1-avian-par-balls-defaults-t4	avian-par	balls	defaults	4	default	600	60172564	4870000000	2100789636	2.318	51007488	0	11673600	0
time	time-r1-rapier-simd8-boxes-matched-t1	rapier-simd8	boxes	matched	1	default	600	826796	1550000000	1558742026	0.994	26210304	0	3330048	0
time	time-r1-rapier-simd8-boxes-matched-t4	rapier-simd8	boxes	matched	4	default	600	1287058	2230000000	567877863	3.927	26357760	0	3264512	0
time	time-r1-rapier-serial-boxes-matched-t1	rapier-serial	boxes	matched	1	default	600	688207	1980000000	1989567963	0.995	24977408	0	3198976	0
time	time-r1-avian-serial-boxes-matched-t1	avian-serial	boxes	matched	1	default	600	7215754	6600000000	6606660481	0.999	29536256	0	11202560	0
time	time-r1-jolt-boxes-defaults-t1	jolt	boxes	defaults	1	default	600	1125575	1830000000	1840025865	0.995	13619200	0	5193728	0
time	time-r1-jolt-boxes-defaults-t4	jolt	boxes	defaults	4	default	600	1490086	2740000000	711978271	3.848	13885440	0	4800512	0
time	time-r1-rapier-par-boxes-defaults-t1	rapier-par	boxes	defaults	1	default	600	824692	380000000	384708398	0.988	25989120	0	3215360	0
time	time-r1-rapier-par-boxes-defaults-t4	rapier-par	boxes	defaults	4	default	600	1808803	510000000	137060008	3.721	26226688	0	3207168	0
time	time-r1-avian-par-boxes-defaults-t1	avian-par	boxes	defaults	1	default	600	7334567	9000000000	8998037024	1.000	31727616	0	11214848	0
time	time-r1-avian-par-boxes-defaults-t4	avian-par	boxes	defaults	4	default	600	7726931	12710000000	5002338120	2.541	34160640	0	11382784	0
time	time-r1-rapier-simd8-capsules-matched-t1	rapier-simd8	capsules	matched	1	default	600	2161673	2430000000	2436294390	0.997	39292928	0	3207168	0
time	time-r1-rapier-simd8-capsules-matched-t4	rapier-simd8	capsules	matched	4	default	600	2531404	3470000000	967989684	3.585	40931328	0	3481600	0
time	time-r1-rapier-serial-capsules-matched-t1	rapier-serial	capsules	matched	1	default	600	1896306	2480000000	2480324432	1.000	37707776	0	3342336	0
time	time-r1-avian-serial-capsules-matched-t1	avian-serial	capsules	matched	1	default	600	20783238	5180000000	5181583354	1.000	35061760	0	10801152	0
time	time-r1-jolt-capsules-defaults-t1	jolt	capsules	defaults	1	default	600	2318697	4220000000	4227488433	0.998	13598720	0	4894720	0
time	time-r1-jolt-capsules-defaults-t4	jolt	capsules	defaults	4	default	600	2426488	5720000000	1538424178	3.718	14262272	0	5070848	0
time	time-r1-rapier-par-capsules-defaults-t1	rapier-par	capsules	defaults	1	default	600	2176050	2730000000	2737696411	0.997	39571456	0	3452928	0
time	time-r1-rapier-par-capsules-defaults-t4	rapier-par	capsules	defaults	4	default	600	2294721	3790000000	1054034036	3.596	40947712	0	3465216	0
time	time-r1-avian-par-capsules-defaults-t1	avian-par	capsules	defaults	1	default	600	20793988	7290000000	7286662840	1.000	36020224	0	11382784	0
time	time-r1-avian-par-capsules-defaults-t4	avian-par	capsules	defaults	4	default	600	20141739	9900000000	4106139212	2.411	38440960	0	11411456	0
time	time-r1-rapier-simd8-pyramid-matched-t1	rapier-simd8	pyramid	matched	1	default	600	28477809	135000000000	135006628890	1.000	505761792	0	4853760	0
time	time-r1-rapier-simd8-pyramid-matched-t4	rapier-simd8	pyramid	matched	4	default	600	28469173	214350000000	56853038217	3.770	505483264	0	4624384	0
time	time-r1-rapier-serial-pyramid-matched-t1	rapier-serial	pyramid	matched	1	default	600	29214626	139730000000	139728700848	1.000	497324032	0	4706304	0
time	time-r1-avian-serial-pyramid-matched-t1	avian-serial	pyramid	matched	1	default	600	834411766	320010000000	320021471824	1.000	296488960	0	12718080	0
time	time-r1-jolt-pyramid-defaults-t1	jolt	pyramid	defaults	1	default	600	30149192	254790000000	254791210044	1.000	191688704	0	6819840	0
time	time-r1-jolt-pyramid-defaults-t4	jolt	pyramid	defaults	4	default	600	30868394	363740000000	93460280427	3.892	197853184	0	6787072	0
time	time-r1-rapier-par-pyramid-defaults-t1	rapier-par	pyramid	defaults	1	default	600	28586549	141970000000	141971202628	1.000	506916864	0	4870144	0
time	time-r1-rapier-par-pyramid-defaults-t4	rapier-par	pyramid	defaults	4	default	600	28828757	240490000000	63406735494	3.793	508407808	0	4792320	0
time	time-r1-avian-par-pyramid-defaults-t1	avian-par	pyramid	defaults	1	default	600	816587033	413070000000	413087623565	1.000	295448576	0	12783616	0
time	time-r1-avian-par-pyramid-defaults-t4	avian-par	pyramid	defaults	4	default	600	819834631	447700000000	160099907307	2.796	344600576	0	12955648	0
time	time-r1-rapier-simd8-many_pyramids-matched-t1	rapier-simd8	many_pyramids	matched	1	default	600	7053019	13190000000	13195632290	1.000	89939968	0	3612672	0
time	time-r1-rapier-simd8-many_pyramids-matched-t4	rapier-simd8	many_pyramids	matched	4	default	600	7243575	17580000000	4735856911	3.712	90083328	0	3481600	0
time	time-r1-rapier-serial-many_pyramids-matched-t1	rapier-serial	many_pyramids	matched	1	default	600	6590714	14300000000	14305778507	1.000	87289856	0	3334144	0
time	time-r1-avian-serial-many_pyramids-matched-t1	avian-serial	many_pyramids	matched	1	default	600	67367717	39920000000	39921180749	1.000	65789952	0	11620352	0
time	time-r1-jolt-many_pyramids-defaults-t1	jolt	many_pyramids	defaults	1	default	600	5554708	1100000000	1110135345	0.991	34238464	0	5324800	0
time	time-r1-jolt-many_pyramids-defaults-t4	jolt	many_pyramids	defaults	4	default	600	5741357	1450000000	366058544	3.961	35463168	0	5488640	0
time	time-r1-rapier-par-many_pyramids-defaults-t1	rapier-par	many_pyramids	defaults	1	default	600	7187080	1310000000	1318786336	0.993	89960448	0	3637248	0
time	time-r1-rapier-par-many_pyramids-defaults-t4	rapier-par	many_pyramids	defaults	4	default	600	7188823	1750000000	494089090	3.542	90292224	0	3596288	0
time	time-r1-avian-par-many_pyramids-defaults-t1	avian-par	many_pyramids	defaults	1	default	600	65440332	46340000000	46347480063	1.000	67694592	0	11747328	0
time	time-r1-avian-par-many_pyramids-defaults-t4	avian-par	many_pyramids	defaults	4	default	600	66148036	53400000000	17179746310	3.108	73633792	0	11706368	0
time	time-r1-rapier-simd8-keva-matched-t1	rapier-simd8	keva	matched	1	default	600	27794270	207860000000	207869307813	1.000	711147520	0	4616192	0
time	time-r1-rapier-simd8-keva-matched-t4	rapier-simd8	keva	matched	4	default	600	27598579	336750000000	88469953765	3.806	711987200	0	4755456	0
time	time-r1-rapier-serial-keva-matched-t1	rapier-serial	keva	matched	1	default	600	27531510	212700000000	212698728531	1.000	694697984	0	4448256	0
time	time-r1-avian-serial-keva-matched-t1	avian-serial	keva	matched	1	default	600	705206605	305340000000	305353043573	1.000	453259264	0	12517376	0
time	time-r1-jolt-keva-defaults-t1	jolt	keva	defaults	1	default	600	27434698	355090000000	355110066962	1.000	251207680	0	6430720	0
time	time-r1-jolt-keva-defaults-t4	jolt	keva	defaults	4	default	600	28308128	456200000000	116398955456	3.919	257216512	0	6537216	0
time	time-r1-rapier-par-keva-defaults-t1	rapier-par	keva	defaults	1	default	600	28830675	213040000000	213048555659	1.000	712507392	0	4423680	0
time	time-r1-rapier-par-keva-defaults-t4	rapier-par	keva	defaults	4	default	600	28419586	375710000000	98215048999	3.825	714039296	0	4620288	0
time	time-r1-avian-par-keva-defaults-t1	avian-par	keva	defaults	1	default	600	694776416	438580000000	438599567061	1.000	449003520	0	12566528	0
time	time-r1-avian-par-keva-defaults-t4	avian-par	keva	defaults	4	default	600	712312323	447910000000	166821022866	2.685	516972544	0	12754944	0
time	time-r1-rapier-simd8-joint_ball-matched-t1	rapier-simd8	joint_ball	matched	1	default	600	13699704	5270000000	5272773791	0.999	64143360	0	4878336	0
time	time-r1-rapier-simd8-joint_ball-matched-t4	rapier-simd8	joint_ball	matched	4	default	600	13866314	6570000000	1903081743	3.452	65073152	0	5050368	0
time	time-r1-rapier-serial-joint_ball-matched-t1	rapier-serial	joint_ball	matched	1	default	600	13378803	6040000000	6035038240	1.001	61718528	0	4845568	0
time	time-r1-avian-serial-joint_ball-matched-t1	avian-serial	joint_ball	matched	1	default	600	104841217	11580000000	11583849234	1.000	82182144	0	12791808	0
time	time-r1-jolt-joint_ball-defaults-t1	jolt	joint_ball	defaults	1	default	600	218050416	6800000000	6796069461	1.001	27131904	0	6828032	0
time	time-r1-jolt-joint_ball-defaults-t4	jolt	joint_ball	defaults	4	default	600	222466015	9370000000	2762554857	3.392	28057600	0	6885376	0
time	time-r1-rapier-par-joint_ball-defaults-t1	rapier-par	joint_ball	defaults	1	default	600	13708259	6810000000	6817340258	0.999	65044480	0	4849664	0
time	time-r1-rapier-par-joint_ball-defaults-t4	rapier-par	joint_ball	defaults	4	default	600	14170994	8260000000	2356641184	3.505	65777664	0	4681728	0
time	time-r1-avian-par-joint_ball-defaults-t1	avian-par	joint_ball	defaults	1	default	600	103553090	10570000000	10576674393	0.999	57352192	0	12701696	0
time	time-r1-avian-par-joint_ball-defaults-t4	avian-par	joint_ball	defaults	4	default	600	102331543	11910000000	8392977178	1.419	57569280	0	13078528	0
time	time-r1-rapier-simd8-joint_fixed-matched-t1	rapier-simd8	joint_fixed	matched	1	default	600	14186043	8060000000	8055451712	1.001	65331200	0	4923392	0
time	time-r1-rapier-simd8-joint_fixed-matched-t4	rapier-simd8	joint_fixed	matched	4	default	600	14881694	10550000000	2950106293	3.576	65695744	0	5111808	0
time	time-r1-rapier-serial-joint_fixed-matched-t1	rapier-serial	joint_fixed	matched	1	default	600	13908213	10140000000	10130389248	1.001	63922176	0	4874240	0
time	time-r1-avian-serial-joint_fixed-matched-t1	avian-serial	joint_fixed	matched	1	default	600	118671517	8740000000	8742661000	1.000	53043200	0	12935168	0
time	time-r1-jolt-joint_fixed-defaults-t1	jolt	joint_fixed	defaults	1	default	600	227847736	9340000000	9330612197	1.001	32391168	0	6930432	0
time	time-r1-jolt-joint_fixed-defaults-t4	jolt	joint_fixed	defaults	4	default	600	231926245	10330000000	2642804081	3.909	32989184	0	6778880	0
time	time-r1-rapier-par-joint_fixed-defaults-t1	rapier-par	joint_fixed	defaults	1	default	600	14276407	5950000000	5943558043	1.001	65196032	0	4927488	0
time	time-r1-rapier-par-joint_fixed-defaults-t4	rapier-par	joint_fixed	defaults	4	default	600	14741778	7390000000	2044852345	3.614	65761280	0	5009408	0
time	time-r1-avian-par-joint_fixed-defaults-t1	avian-par	joint_fixed	defaults	1	default	600	118164304	12180000000	12174625613	1.000	53841920	0	13123584	0
time	time-r1-avian-par-joint_fixed-defaults-t4	avian-par	joint_fixed	defaults	4	default	600	115906488	13380000000	11277777127	1.186	54894592	0	13037568	0
time	time-r1-rapier-simd8-joint_prismatic-matched-t1	rapier-simd8	joint_prismatic	matched	1	default	600	19708162	8360000000	8357071140	1.000	79962112	0	5050368	0
time	time-r1-rapier-simd8-joint_prismatic-matched-t4	rapier-simd8	joint_prismatic	matched	4	default	600	20539295	11260000000	3294479974	3.418	80998400	0	4952064	0
time	time-r1-rapier-serial-joint_prismatic-matched-t1	rapier-serial	joint_prismatic	matched	1	default	600	19475313	9330000000	9329209623	1.000	77721600	0	4734976	0
time	time-r1-avian-serial-joint_prismatic-matched-t1	avian-serial	joint_prismatic	matched	1	default	600	212723329	27000000000	27008291904	1.000	82358272	0	13082624	0
time	time-r1-jolt-joint_prismatic-defaults-t1	jolt	joint_prismatic	defaults	1	default	600	135825891	11210000000	11198045893	1.001	37584896	0	6520832	0
time	time-r1-jolt-joint_prismatic-defaults-t4	jolt	joint_prismatic	defaults	4	default	600	136950209	13100000000	3347945377	3.913	39116800	0	6770688	0
time	time-r1-rapier-par-joint_prismatic-defaults-t1	rapier-par	joint_prismatic	defaults	1	default	600	19925916	9970000000	9968272070	1.000	80248832	0	5042176	0
time	time-r1-rapier-par-joint_prismatic-defaults-t4	rapier-par	joint_prismatic	defaults	4	default	600	19997516	13570000000	3871631866	3.505	81117184	0	4997120	0
time	time-r1-avian-par-joint_prismatic-defaults-t1	avian-par	joint_prismatic	defaults	1	default	600	205085443	32850000000	32856043072	1.000	80969728	0	12902400	0
time	time-r1-avian-par-joint_prismatic-defaults-t4	avian-par	joint_prismatic	defaults	4	default	600	210242433	38660000000	21193466943	1.824	90763264	0	13299712	0
time	time-r1-rapier-simd8-joint_revolute-matched-t1	rapier-simd8	joint_revolute	matched	1	default	600	9826145	3320000000	3321304375	1.000	48709632	0	4108288	0
time	time-r1-rapier-simd8-joint_revolute-matched-t4	rapier-simd8	joint_revolute	matched	4	default	600	10101560	4250000000	1212606512	3.505	49033216	0	4149248	0
time	time-r1-rapier-serial-joint_revolute-matched-t1	rapier-serial	joint_revolute	matched	1	default	600	9562231	3970000000	3967803935	1.001	41897984	0	3993600	0
time	time-r1-avian-serial-joint_revolute-matched-t1	avian-serial	joint_revolute	matched	1	default	600	69114306	7180000000	7185563906	0.999	42995712	0	12181504	0
time	time-r1-jolt-joint_revolute-defaults-t1	jolt	joint_revolute	defaults	1	default	600	24520155	4690000000	4688751471	1.000	22274048	0	5726208	0
time	time-r1-jolt-joint_revolute-defaults-t4	jolt	joint_revolute	defaults	4	default	600	25192612	5270000000	1350234833	3.903	23298048	0	5804032	0
time	time-r1-rapier-par-joint_revolute-defaults-t1	rapier-par	joint_revolute	defaults	1	default	600	9726226	4840000000	4841988129	1.000	44232704	0	4079616	0
time	time-r1-rapier-par-joint_revolute-defaults-t4	rapier-par	joint_revolute	defaults	4	default	600	10055933	5920000000	1653184266	3.581	44990464	0	4235264	0
time	time-r1-avian-par-joint_revolute-defaults-t1	avian-par	joint_revolute	defaults	1	default	600	65864840	36580000000	36580657917	1.000	66183168	0	12267520	0
time	time-r1-avian-par-joint_revolute-defaults-t4	avian-par	joint_revolute	defaults	4	default	600	67100641	42880000000	21554048857	1.989	76644352	0	12079104	0
split	split-r1-avian-par-balls-matched-t1	avian-par	balls	matched	1	default	600	63878444	5190000000	5194200372	0.999	42389504	0	11599872	0
split	split-r1-avian-par-balls-matched-t4	avian-par	balls	matched	4	default	600	62754881	6270000000	2463897737	2.545	45248512	0	11800576	0
split	split-r1-avian-par-boxes-matched-t1	avian-par	boxes	matched	1	default	600	7827995	6960000000	6963051116	1.000	31019008	0	11415552	0
split	split-r1-avian-par-boxes-matched-t4	avian-par	boxes	matched	4	default	600	8225017	9810000000	3905818293	2.512	33112064	0	11423744	0
split	split-r1-avian-par-capsules-matched-t1	avian-par	capsules	matched	1	default	600	21950433	5650000000	5644412714	1.001	35979264	0	11591680	0
split	split-r1-avian-par-capsules-matched-t4	avian-par	capsules	matched	4	default	600	21980379	7370000000	3102962449	2.375	38084608	0	11382784	0
split	split-r1-avian-par-pyramid-matched-t1	avian-par	pyramid	matched	1	default	600	837612571	324950000000	324983203411	1.000	298631168	0	12820480	0
split	split-r1-avian-par-pyramid-matched-t4	avian-par	pyramid	matched	4	default	600	814911544	356690000000	128526819830	2.775	346816512	0	12623872	0
split	split-r1-avian-par-many_pyramids-matched-t1	avian-par	many_pyramids	matched	1	default	600	69022122	41170000000	41168966496	1.000	67440640	0	11714560	0
split	split-r1-avian-par-many_pyramids-matched-t4	avian-par	many_pyramids	matched	4	default	600	70489255	47160000000	16386214314	2.878	73203712	0	11481088	0
split	split-r1-avian-par-keva-matched-t1	avian-par	keva	matched	1	default	600	710722395	310650000000	310650584405	1.000	455389184	0	12800000	0
split	split-r1-avian-par-keva-matched-t4	avian-par	keva	matched	4	default	600	706141046	315850000000	119816811347	2.636	515432448	0	12713984	0
split	split-r1-avian-par-joint_ball-matched-t1	avian-par	joint_ball	matched	1	default	600	109729428	12120000000	12131334251	0.999	83845120	0	12779520	0
split	split-r1-avian-par-joint_ball-matched-t4	avian-par	joint_ball	matched	4	default	600	107632956	14150000000	8746039872	1.618	91082752	0	13058048	0
split	split-r1-avian-par-joint_fixed-matched-t1	avian-par	joint_fixed	matched	1	default	600	122202691	9340000000	9335343736	1.000	54710272	0	13103104	0
split	split-r1-avian-par-joint_fixed-matched-t4	avian-par	joint_fixed	matched	4	default	600	124162925	10240000000	8319897384	1.231	56467456	0	13127680	0
split	split-r1-avian-par-joint_prismatic-matched-t1	avian-par	joint_prismatic	matched	1	default	600	213480014	28290000000	28293806109	1.000	83439616	0	13156352	0
split	split-r1-avian-par-joint_prismatic-matched-t4	avian-par	joint_prismatic	matched	4	default	600	208235671	32860000000	18031777377	1.822	93421568	0	13045760	0
split	split-r1-avian-par-joint_revolute-matched-t1	avian-par	joint_revolute	matched	1	default	600	70048485	7810000000	7811560226	1.000	44699648	0	12075008	0
split	split-r1-avian-par-joint_revolute-matched-t4	avian-par	joint_revolute	matched	4	default	600	69092666	9080000000	5744756761	1.581	46727168	0	12316672	0
sweep	sweep-r1-jolt-many_pyramids-matched-t4-i2	jolt	many_pyramids	matched	4	2	600	5779351	17690000000	4489137586	3.941	35676160	0	5341184	0
sweep	sweep-r1-rapier-par-many_pyramids-matched-t4-i2	rapier-par	many_pyramids	matched	4	2	600	7596240	15630000000	4278416982	3.653	90566656	0	3665920	0
sweep	sweep-r1-avian-par-many_pyramids-matched-t4-i2	avian-par	many_pyramids	matched	4	2	600	71053994	33660000000	12490574326	2.695	73097216	0	11513856	0
sweep	sweep-r1-jolt-many_pyramids-matched-t4-i4	jolt	many_pyramids	matched	4	4	600	5931536	14650000000	3727009189	3.931	35450880	0	5259264	0
sweep	sweep-r1-rapier-par-many_pyramids-matched-t4-i4	rapier-par	many_pyramids	matched	4	4	600	7334330	18970000000	5078987173	3.735	90562560	0	3448832	0
sweep	sweep-r1-avian-par-many_pyramids-matched-t4-i4	avian-par	many_pyramids	matched	4	4	600	69979401	46570000000	16109657462	2.891	73056256	0	11735040	0
sweep	sweep-r1-jolt-many_pyramids-matched-t4-i8	jolt	many_pyramids	matched	4	8	600	5804790	18180000000	4608592942	3.945	35475456	0	5550080	0
sweep	sweep-r1-rapier-par-many_pyramids-matched-t4-i8	rapier-par	many_pyramids	matched	4	8	600	7436560	24920000000	6577239698	3.789	90324992	0	3411968	0
sweep	sweep-r1-avian-par-many_pyramids-matched-t4-i8	avian-par	many_pyramids	matched	4	8	600	70832243	73900000000	22940910598	3.221	74063872	0	11571200	0
sweep	sweep-r1-rapier-par-joint_revolute-matched-t4-i2	rapier-par	joint_revolute	matched	4	2	600	10176817	3370000000	995766721	3.384	43667456	0	4014080	0
sweep	sweep-r1-avian-par-joint_revolute-matched-t4-i2	avian-par	joint_revolute	matched	4	2	600	68586650	6420000000	3794707900	1.692	46436352	0	12169216	0
sweep	sweep-r1-jolt-joint_revolute-matched-t4-i4	jolt	joint_revolute	matched	4	4	600	25340752	4380000000	1126600333	3.888	23371776	0	5959680	0
sweep	sweep-r1-rapier-par-joint_revolute-matched-t4-i4	rapier-par	joint_revolute	matched	4	4	600	10207705	5020000000	1411128501	3.557	44158976	0	4194304	0
sweep	sweep-r1-avian-par-joint_revolute-matched-t4-i4	avian-par	joint_revolute	matched	4	4	600	67838308	9080000000	5744268883	1.581	47009792	0	12075008	0
sweep	sweep-r1-jolt-joint_revolute-matched-t4-i8	jolt	joint_revolute	matched	4	8	600	24802295	4940000000	1269393478	3.892	23445504	0	5898240	0
sweep	sweep-r1-rapier-par-joint_revolute-matched-t4-i8	rapier-par	joint_revolute	matched	4	8	600	10359880	8340000000	2247988423	3.710	44056576	0	4009984	0
sweep	sweep-r1-avian-par-joint_revolute-matched-t4-i8	avian-par	joint_revolute	matched	4	8	600	70118083	13890000000	9463632413	1.468	46735360	0	12165120	0
time	time-r2-jolt-4-balls-matched-t1	jolt-4	balls	matched	1	4	600	4978684	2560000000	2569771798	0.996	16064512	0	5545984	0
time	time-r2-jolt-4-balls-matched-t4	jolt-4	balls	matched	4	4	600	5274727	3910000000	1016730807	3.846	16613376	0	5378048	0
time	time-r2-jolt-4-balls-matched-t8	jolt-4	balls	matched	8	4	600	5398218	5540000000	748470954	7.402	17481728	0	5562368	0
time	time-r2-jolt-4-balls-matched-t16	jolt-4	balls	matched	16	4	600	5721512	15180000000	1079715401	14.059	19230720	0	5275648	0
time	time-r2-rapier-par-balls-matched-t1	rapier-par	balls	matched	1	default	600	4377579	2100000000	2111183968	0.995	38629376	0	3452928	0
time	time-r2-rapier-par-balls-matched-t4	rapier-par	balls	matched	4	default	600	4482565	2860000000	832459868	3.436	39215104	0	3371008	0
time	time-r2-rapier-par-balls-matched-t8	rapier-par	balls	matched	8	default	600	5008619	3750000000	614211121	6.105	39735296	0	3600384	0
time	time-r2-rapier-par-balls-matched-t16	rapier-par	balls	matched	16	default	600	6075014	13920000000	1165663355	11.942	40660992	0	3334144	0
time	time-r2-avian-par-balls-matched-t1	avian-par	balls	matched	1	default	600	64250276	5190000000	5189031515	1.000	42393600	0	11722752	0
time	time-r2-avian-par-balls-matched-t4	avian-par	balls	matched	4	default	600	63238123	6230000000	2467309647	2.525	44904448	0	11599872	0
time	time-r2-avian-par-balls-matched-t8	avian-par	balls	matched	8	default	600	64368758	7230000000	2335932027	3.095	48070656	0	11767808	0
time	time-r2-avian-par-balls-matched-t16	avian-par	balls	matched	16	default	600	66376023	13520000000	3692699712	3.661	54218752	0	11587584	0
time	time-r2-jolt-balls-matched-t1	jolt	balls	matched	1	default	600	4997629	2870000000	2871059990	1.000	15974400	0	5390336	0
time	time-r2-jolt-balls-matched-t4	jolt	balls	matched	4	default	600	5270900	4210000000	1092962879	3.852	16797696	0	5451776	0
time	time-r2-jolt-balls-matched-t8	jolt	balls	matched	8	default	600	5348225	5930000000	797768317	7.433	17510400	0	5468160	0
time	time-r2-jolt-balls-matched-t16	jolt	balls	matched	16	default	600	5738084	15510000000	1099516176	14.106	19308544	0	5365760	0
time	time-r2-jolt-4-boxes-matched-t1	jolt-4	boxes	matched	1	4	600	1129693	2630000000	2631860615	0.999	13713408	0	4915200	0
time	time-r2-jolt-4-boxes-matched-t4	jolt-4	boxes	matched	4	4	600	1210695	4310000000	1120518142	3.846	14290944	0	5169152	0
time	time-r2-jolt-4-boxes-matched-t8	jolt-4	boxes	matched	8	4	600	1285515	6230000000	831952419	7.488	14790656	0	4993024	0
time	time-r2-jolt-4-boxes-matched-t16	jolt-4	boxes	matched	16	4	600	1535081	21910000000	1486622503	14.738	16117760	0	5160960	0
time	time-r2-rapier-par-boxes-matched-t1	rapier-par	boxes	matched	1	default	600	885106	2030000000	2036709676	0.997	25985024	0	3207168	0
time	time-r2-rapier-par-boxes-matched-t4	rapier-par	boxes	matched	4	default	600	1135915	2720000000	698863193	3.892	26320896	0	3235840	0
time	time-r2-rapier-par-boxes-matched-t8	rapier-par	boxes	matched	8	default	600	1479898	3780000000	494035620	7.651	26525696	0	3117056	0
time	time-r2-rapier-par-boxes-matched-t16	rapier-par	boxes	matched	16	default	600	2374441	13530000000	917688707	14.744	27209728	0	3198976	0
time	time-r2-avian-par-boxes-matched-t1	avian-par	boxes	matched	1	default	600	8077309	6940000000	6941659507	1.000	31043584	0	11366400	0
time	time-r2-avian-par-boxes-matched-t4	avian-par	boxes	matched	4	default	600	8121472	9740000000	3873513560	2.515	33325056	0	11382784	0
time	time-r2-avian-par-boxes-matched-t8	avian-par	boxes	matched	8	default	600	8660951	11030000000	3311162108	3.331	34078720	0	11280384	0
time	time-r2-avian-par-boxes-matched-t16	avian-par	boxes	matched	16	default	600	9387109	23000000000	6195589948	3.712	38330368	0	11296768	0
time	time-r2-jolt-boxes-matched-t1	jolt	boxes	matched	1	default	600	1157224	3990000000	3999967564	0.998	13443072	0	4890624	0
time	time-r2-jolt-boxes-matched-t4	jolt	boxes	matched	4	default	600	1374410	6110000000	1560168228	3.916	14151680	0	5079040	0
time	time-r2-jolt-boxes-matched-t8	jolt	boxes	matched	8	default	600	1352831	8450000000	1096743431	7.705	14614528	0	4796416	0
time	time-r2-jolt-boxes-matched-t16	jolt	boxes	matched	16	default	600	1599622	28050000000	1882381053	14.901	15986688	0	5136384	0
time	time-r2-jolt-4-capsules-matched-t1	jolt-4	capsules	matched	1	4	600	2353202	4530000000	4531825251	1.000	15245312	0	5083136	0
time	time-r2-jolt-4-capsules-matched-t4	jolt-4	capsules	matched	4	4	600	3010391	6240000000	1669785830	3.737	15634432	0	4866048	0
time	time-r2-jolt-4-capsules-matched-t8	jolt-4	capsules	matched	8	4	600	2549028	8260000000	1163052190	7.102	16646144	0	5214208	0
time	time-r2-jolt-4-capsules-matched-t16	jolt-4	capsules	matched	16	4	600	2656229	21740000000	1602461384	13.567	18190336	0	5263360	0
time	time-r2-rapier-par-capsules-matched-t1	rapier-par	capsules	matched	1	default	600	2278663	2560000000	2562010727	0.999	38952960	0	3280896	0
time	time-r2-rapier-par-capsules-matched-t4	rapier-par	capsules	matched	4	default	600	2633226	3610000000	1004422261	3.594	40488960	0	3346432	0
time	time-r2-rapier-par-capsules-matched-t8	rapier-par	capsules	matched	8	default	600	2937184	4940000000	758520113	6.513	41447424	0	3301376	0
time	time-r2-rapier-par-capsules-matched-t16	rapier-par	capsules	matched	16	default	600	3681406	16610000000	1410485230	11.776	42172416	0	3190784	0
time	time-r2-avian-par-capsules-matched-t1	avian-par	capsules	matched	1	default	600	21459691	5640000000	5644836126	0.999	36192256	0	11665408	0
time	time-r2-avian-par-capsules-matched-t4	avian-par	capsules	matched	4	default	600	22125646	7350000000	3079586349	2.387	38342656	0	11390976	0
time	time-r2-avian-par-capsules-matched-t8	avian-par	capsules	matched	8	default	600	21910334	8260000000	2546714687	3.243	41000960	0	11390976	0
time	time-r2-avian-par-capsules-matched-t16	avian-par	capsules	matched	16	default	600	23862605	14850000000	3882428375	3.825	46305280	0	11419648	0
time	time-r2-jolt-capsules-matched-t1	jolt	capsules	matched	1	default	600	2551412	4440000000	4444990425	0.999	13819904	0	5066752	0
time	time-r2-jolt-capsules-matched-t4	jolt	capsules	matched	4	default	600	2555139	6000000000	1606027365	3.736	14229504	0	4870144	0
time	time-r2-jolt-capsules-matched-t8	jolt	capsules	matched	8	default	600	2527288	7800000000	1104265190	7.064	14864384	0	4714496	0
time	time-r2-jolt-capsules-matched-t16	jolt	capsules	matched	16	default	600	2841245	22010000000	1610959843	13.663	16793600	0	5079040	0
time	time-r2-jolt-4-pyramid-matched-t1	jolt-4	pyramid	matched	1	4	600	29988454	172190000000	172199186087	1.000	193400832	0	6356992	0
time	time-r2-jolt-4-pyramid-matched-t4	jolt-4	pyramid	matched	4	4	600	31144987	253900000000	66001530606	3.847	199122944	0	6782976	0
time	time-r2-jolt-4-pyramid-matched-t8	jolt-4	pyramid	matched	8	4	600	31111034	359820000000	47940855187	7.505	203358208	0	6479872	0
time	time-r2-jolt-4-pyramid-matched-t16	jolt-4	pyramid	matched	16	4	600	30116534	700880000000	47639028810	14.712	212578304	0	6430720	0
time	time-r2-rapier-par-pyramid-matched-t1	rapier-par	pyramid	matched	1	default	600	28799901	141150000000	141156372629	1.000	505888768	0	4747264	0
time	time-r2-rapier-par-pyramid-matched-t4	rapier-par	pyramid	matched	4	default	600	28813235	237590000000	62559755108	3.798	504963072	0	4886528	0
time	time-r2-rapier-par-pyramid-matched-t8	rapier-par	pyramid	matched	8	default	600	29266055	388520000000	52458478510	7.406	506662912	0	4820992	0
time	time-r2-rapier-par-pyramid-matched-t16	rapier-par	pyramid	matched	16	default	600	32481126	646830000000	44879266526	14.413	507936768	0	4661248	0
time	time-r2-avian-par-pyramid-matched-t1	avian-par	pyramid	matched	1	default	600	852221057	324550000000	324553350372	1.000	298790912	0	12750848	0
time	time-r2-avian-par-pyramid-matched-t4	avian-par	pyramid	matched	4	default	600	855039406	354510000000	127015650530	2.791	345473024	0	12824576	0
time	time-r2-avian-par-pyramid-matched-t8	avian-par	pyramid	matched	8	default	600	858347068	402020000000	91356111454	4.401	327663616	0	12910592	0
time	time-r2-avian-par-pyramid-matched-t16	avian-par	pyramid	matched	16	default	600	859170972	536860000000	89162505206	6.021	364732416	0	12738560	0
time	time-r2-jolt-pyramid-matched-t1	jolt	pyramid	matched	1	default	600	30175143	260080000000	260101478228	1.000	191455232	0	6680576	0
time	time-r2-jolt-pyramid-matched-t4	jolt	pyramid	matched	4	default	600	32016521	370820000000	95172885851	3.896	196980736	0	6782976	0
time	time-r2-jolt-pyramid-matched-t8	jolt	pyramid	matched	8	default	600	30094885	516250000000	67428983478	7.656	200724480	0	6713344	0
time	time-r2-jolt-pyramid-matched-t16	jolt	pyramid	matched	16	default	600	32504210	994260000000	65944991697	15.077	212037632	0	6758400	0
time	time-r2-jolt-4-many_pyramids-matched-t1	jolt-4	many_pyramids	matched	1	4	600	5674880	11080000000	11081523897	1.000	34242560	0	5447680	0
time	time-r2-jolt-4-many_pyramids-matched-t4	jolt-4	many_pyramids	matched	4	4	600	6333071	14890000000	3786742820	3.932	35303424	0	5185536	0
time	time-r2-jolt-4-many_pyramids-matched-t8	jolt-4	many_pyramids	matched	8	4	600	5765269	18540000000	2390366248	7.756	36417536	0	5328896	0
time	time-r2-jolt-4-many_pyramids-matched-t16	jolt-4	many_pyramids	matched	16	4	600	6168063	68030000000	4426597875	15.368	38879232	0	5484544	0
time	time-r2-rapier-par-many_pyramids-matched-t1	rapier-par	many_pyramids	matched	1	default	600	6897957	14070000000	14073851189	1.000	89743360	0	3489792	0
time	time-r2-rapier-par-many_pyramids-matched-t4	rapier-par	many_pyramids	matched	4	default	600	7342098	18980000000	5093361615	3.726	90140672	0	3420160	0
time	time-r2-rapier-par-many_pyramids-matched-t8	rapier-par	many_pyramids	matched	8	default	600	7490235	27040000000	3801021624	7.114	90836992	0	3457024	0
time	time-r2-rapier-par-many_pyramids-matched-t16	rapier-par	many_pyramids	matched	16	default	600	8324515	38240000000	2889089776	13.236	91410432	0	3493888	0
time	time-r2-avian-par-many_pyramids-matched-t1	avian-par	many_pyramids	matched	1	default	600	69782809	41160000000	41163133787	1.000	67866624	0	11792384	0
time	time-r2-avian-par-many_pyramids-matched-t4	avian-par	many_pyramids	matched	4	default	600	70954450	46450000000	15890716302	2.923	73269248	0	11575296	0
time	time-r2-avian-par-many_pyramids-matched-t8	avian-par	many_pyramids	matched	8	default	600	75061640	50110000000	10545414149	4.752	73838592	0	11726848	0
time	time-r2-avian-par-many_pyramids-matched-t16	avian-par	many_pyramids	matched	16	default	600	74001088	81740000000	14817494680	5.516	85479424	0	11571200	0
time	time-r2-jolt-many_pyramids-matched-t1	jolt	many_pyramids	matched	1	default	600	5777333	15110000000	15113536487	1.000	34127872	0	5275648	0
time	time-r2-jolt-many_pyramids-matched-t4	jolt	many_pyramids	matched	4	default	600	5670473	20160000000	5102115604	3.951	35426304	0	5373952	0
time	time-r2-jolt-many_pyramids-matched-t8	jolt	many_pyramids	matched	8	default	600	5958482	24750000000	3164286446	7.822	36458496	0	5443584	0
time	time-r2-jolt-many_pyramids-matched-t16	jolt	many_pyramids	matched	16	default	600	6101839	90480000000	5808057830	15.578	38805504	0	5476352	0
time	time-r2-jolt-4-keva-matched-t1	jolt-4	keva	matched	1	4	600	27758204	438690000000	438704138779	1.000	317800448	0	6529024	0
time	time-r2-jolt-4-keva-matched-t4	jolt-4	keva	matched	4	4	600	29863854	560510000000	142384143704	3.937	321953792	0	6270976	0
time	time-r2-jolt-4-keva-matched-t8	jolt-4	keva	matched	8	4	600	28732747	707410000000	91167662718	7.759	324460544	0	6627328	0
time	time-r2-jolt-4-keva-matched-t16	jolt-4	keva	matched	16	4	600	29166805	1151930000000	75645908966	15.228	331661312	0	6631424	0
time	time-r2-rapier-par-keva-matched-t1	rapier-par	keva	matched	1	default	600	28002795	212270000000	212287796948	1.000	711372800	0	4685824	0
time	time-r2-rapier-par-keva-matched-t4	rapier-par	keva	matched	4	default	600	28200323	379560000000	99179093161	3.827	711323648	0	4513792	0
time	time-r2-rapier-par-keva-matched-t8	rapier-par	keva	matched	8	default	600	28567870	621520000000	82758503972	7.510	718196736	0	4743168	0
time	time-r2-rapier-par-keva-matched-t16	rapier-par	keva	matched	16	default	600	29646849	1086670000000	73771040233	14.730	725336064	0	4698112	0
time	time-r2-avian-par-keva-matched-t1	avian-par	keva	matched	1	default	600	714001493	311170000000	311181075281	1.000	455016448	0	12804096	0
time	time-r2-avian-par-keva-matched-t4	avian-par	keva	matched	4	default	600	719969204	316470000000	120149203436	2.634	525373440	0	12652544	0
time	time-r2-avian-par-keva-matched-t8	avian-par	keva	matched	8	default	600	716110632	340730000000	81618824565	4.175	501334016	0	12890112	0
time	time-r2-avian-par-keva-matched-t16	avian-par	keva	matched	16	default	600	712478440	455890000000	75959981164	6.002	510279680	0	12533760	0
time	time-r2-jolt-keva-matched-t1	jolt	keva	matched	1	default	600	27942130	361450000000	361447820076	1.000	251215872	0	6406144	0
time	time-r2-jolt-keva-matched-t4	jolt	keva	matched	4	default	600	28616077	473770000000	120561621228	3.930	257343488	0	6569984	0
time	time-r2-jolt-keva-matched-t8	jolt	keva	matched	8	default	600	29392057	601370000000	77709404682	7.739	259522560	0	6414336	0
time	time-r2-jolt-keva-matched-t16	jolt	keva	matched	16	default	600	28996176	1008520000000	66473665062	15.172	266784768	0	6627328	0
time	time-r2-jolt-4-joint_ball-matched-t1	jolt-4	joint_ball	matched	1	4	600	218945420	5570000000	5571760987	1.000	27279360	0	6897664	0
time	time-r2-jolt-4-joint_ball-matched-t4	jolt-4	joint_ball	matched	4	4	600	223082763	7520000000	2269431428	3.314	28209152	0	6881280	0
time	time-r2-jolt-4-joint_ball-matched-t8	jolt-4	joint_ball	matched	8	4	600	212813731	40880000000	7078159532	5.776	29409280	0	6877184	0
time	time-r2-jolt-4-joint_ball-matched-t16	jolt-4	joint_ball	matched	16	4	600	223497170	88710000000	8547514326	10.378	31649792	0	6885376	0
time	time-r2-rapier-par-joint_ball-matched-t1	rapier-par	joint_ball	matched	1	default	600	13875734	6270000000	6259985376	1.002	64057344	0	5042176	0
time	time-r2-rapier-par-joint_ball-matched-t4	rapier-par	joint_ball	matched	4	default	600	13856618	7580000000	2169055909	3.495	64688128	0	4923392	0
time	time-r2-rapier-par-joint_ball-matched-t8	rapier-par	joint_ball	matched	8	default	600	14518646	9490000000	1523646202	6.228	64925696	0	4841472	0
time	time-r2-rapier-par-joint_ball-matched-t16	rapier-par	joint_ball	matched	16	default	600	15481729	35000000000	2710835064	12.911	66928640	0	5033984	0
time	time-r2-avian-par-joint_ball-matched-t1	avian-par	joint_ball	matched	1	default	600	108142387	12080000000	12074628966	1.000	83427328	0	13185024	0
time	time-r2-avian-par-joint_ball-matched-t4	avian-par	joint_ball	matched	4	default	600	109048371	14260000000	8813439321	1.618	90275840	0	12922880	0
time	time-r2-avian-par-joint_ball-matched-t8	avian-par	joint_ball	matched	8	default	600	108423919	15160000000	8017079032	1.891	93376512	0	13094912	0
time	time-r2-avian-par-joint_ball-matched-t16	avian-par	joint_ball	matched	16	default	600	110875584	21900000000	9422028335	2.324	96817152	0	12992512	0
time	time-r2-jolt-joint_ball-matched-t1	jolt	joint_ball	matched	1	default	600	217187223	6700000000	6701534651	1.000	27045888	0	6868992	0
time	time-r2-jolt-joint_ball-matched-t4	jolt	joint_ball	matched	4	default	600	223211400	9160000000	2679950329	3.418	28000256	0	6758400	0
time	time-r2-jolt-joint_ball-matched-t8	jolt	joint_ball	matched	8	default	600	221048173	29310000000	4721178439	6.208	28991488	0	6709248	0
time	time-r2-jolt-joint_ball-matched-t16	jolt	joint_ball	matched	16	default	600	227460507	101890000000	9029958522	11.284	31133696	0	6438912	0
time	time-r2-jolt-4-joint_fixed-matched-t1	jolt-4	joint_fixed	matched	1	4	600	228155418	7780000000	7780018434	1.000	32559104	0	6787072	0
time	time-r2-jolt-4-joint_fixed-matched-t4	jolt-4	joint_fixed	matched	4	4	600	226927849	8620000000	2217990854	3.886	33673216	0	6819840	0
time	time-r2-jolt-4-joint_fixed-matched-t8	jolt-4	joint_fixed	matched	8	4	600	222644353	9100000000	1205528285	7.549	34729984	0	7028736	0
time	time-r2-jolt-4-joint_fixed-matched-t16	jolt-4	joint_fixed	matched	16	4	600	230900278	17630000000	1638567492	10.759	37396480	0	6959104	0
time	time-r2-rapier-par-joint_fixed-matched-t1	rapier-par	joint_fixed	matched	1	default	600	14344751	10320000000	10322919266	1.000	65458176	0	5066752	0
time	time-r2-rapier-par-joint_fixed-matched-t4	rapier-par	joint_fixed	matched	4	default	600	14572226	12770000000	3521161504	3.627	65777664	0	4935680	0
time	time-r2-rapier-par-joint_fixed-matched-t8	rapier-par	joint_fixed	matched	8	default	600	14673717	16260000000	2418026818	6.724	65933312	0	5152768	0
time	time-r2-rapier-par-joint_fixed-matched-t16	rapier-par	joint_fixed	matched	16	default	600	15919419	50850000000	3603521157	14.111	66543616	0	5136384	0
time	time-r2-avian-par-joint_fixed-matched-t1	avian-par	joint_fixed	matched	1	default	600	121274405	9290000000	9286912690	1.000	55328768	0	13209600	0
time	time-r2-avian-par-joint_fixed-matched-t4	avian-par	joint_fixed	matched	4	default	600	121998596	10220000000	8291353011	1.233	56213504	0	13156352	0
time	time-r2-avian-par-joint_fixed-matched-t8	avian-par	joint_fixed	matched	8	default	600	120169468	10570000000	8160260012	1.295	57544704	0	12877824	0
time	time-r2-avian-par-joint_fixed-matched-t16	avian-par	joint_fixed	matched	16	default	600	126855066	13590000000	9230944931	1.472	60497920	0	13123584	0
time	time-r2-jolt-joint_fixed-matched-t1	jolt	joint_fixed	matched	1	default	600	227311708	9290000000	9283125688	1.001	32292864	0	6770688	0
time	time-r2-jolt-joint_fixed-matched-t4	jolt	joint_fixed	matched	4	default	600	224913808	10200000000	2612212057	3.905	33161216	0	7012352	0
time	time-r2-jolt-joint_fixed-matched-t8	jolt	joint_fixed	matched	8	default	600	229951241	10770000000	1414261534	7.615	33910784	0	6770688	0
time	time-r2-jolt-joint_fixed-matched-t16	jolt	joint_fixed	matched	16	default	600	233588903	19110000000	1644772000	11.619	35696640	0	6713344	0
time	time-r2-jolt-4-joint_prismatic-matched-t1	jolt-4	joint_prismatic	matched	1	4	600	133771267	9530000000	9533186750	1.000	38338560	0	6840320	0
time	time-r2-jolt-4-joint_prismatic-matched-t4	jolt-4	joint_prismatic	matched	4	4	600	132704367	11350000000	2905332745	3.907	39571456	0	6713344	0
time	time-r2-jolt-4-joint_prismatic-matched-t8	jolt-4	joint_prismatic	matched	8	4	600	137320734	12280000000	1608318199	7.635	41082880	0	6688768	0
time	time-r2-jolt-4-joint_prismatic-matched-t16	jolt-4	joint_prismatic	matched	16	4	600	140103897	25460000000	2278811703	11.172	44306432	0	6696960	0
time	time-r2-rapier-par-joint_prismatic-matched-t1	rapier-par	joint_prismatic	matched	1	default	600	20088936	9930000000	9924201993	1.001	79822848	0	5099520	0
time	time-r2-rapier-par-joint_prismatic-matched-t4	rapier-par	joint_prismatic	matched	4	default	600	20222124	13010000000	3731526599	3.487	80777216	0	5025792	0
time	time-r2-rapier-par-joint_prismatic-matched-t8	rapier-par	joint_prismatic	matched	8	default	600	21104645	20870000000	3264019109	6.394	81399808	0	4997120	0
time	time-r2-rapier-par-joint_prismatic-matched-t16	rapier-par	joint_prismatic	matched	16	default	600	21541202	47780000000	3830209685	12.475	82075648	0	4935680	0
time	time-r2-avian-par-joint_prismatic-matched-t1	avian-par	joint_prismatic	matched	1	default	600	212283137	28280000000	28275959304	1.000	83075072	0	13344768	0
time	time-r2-avian-par-joint_prismatic-matched-t4	avian-par	joint_prismatic	matched	4	default	600	218835322	32960000000	18115060978	1.819	95059968	0	13312000	0
time	time-r2-avian-par-joint_prismatic-matched-t8	avian-par	joint_prismatic	matched	8	default	600	216696566	36170000000	16088403572	2.248	95920128	0	13156352	0
time	time-r2-avian-par-joint_prismatic-matched-t16	avian-par	joint_prismatic	matched	16	default	600	220111369	52800000000	19203626369	2.749	106672128	0	13193216	0
time	time-r2-jolt-joint_prismatic-matched-t1	jolt	joint_prismatic	matched	1	default	600	134983865	11190000000	11192888320	1.000	37867520	0	6803456	0
time	time-r2-jolt-joint_prismatic-matched-t4	jolt	joint_prismatic	matched	4	default	600	138876574	13580000000	3471788385	3.912	39165952	0	6893568	0
time	time-r2-jolt-joint_prismatic-matched-t8	jolt	joint_prismatic	matched	8	default	600	137396647	13930000000	1813933955	7.679	40546304	0	6799360	0
time	time-r2-jolt-joint_prismatic-matched-t16	jolt	joint_prismatic	matched	16	default	600	139138502	27300000000	2314146308	11.797	43704320	0	6610944	0
time	time-r2-jolt-4-joint_revolute-matched-t1	jolt-4	joint_revolute	matched	1	4	600	24584994	3850000000	3842774218	1.002	22540288	0	6000640	0
time	time-r2-jolt-4-joint_revolute-matched-t4	jolt-4	joint_revolute	matched	4	4	600	24768899	4360000000	1121256758	3.888	23351296	0	5836800	0
time	time-r2-jolt-4-joint_revolute-matched-t8	jolt-4	joint_revolute	matched	8	4	600	25209443	4720000000	661538166	7.135	24076288	0	5754880	0
time	time-r2-jolt-4-joint_revolute-matched-t16	jolt-4	joint_revolute	matched	16	4	600	25707776	11500000000	1168099555	9.845	26173440	0	5701632	0
time	time-r2-rapier-par-joint_revolute-matched-t1	rapier-par	joint_revolute	matched	1	default	600	9949347	4030000000	4028691745	1.000	43786240	0	4218880	0
time	time-r2-rapier-par-joint_revolute-matched-t4	rapier-par	joint_revolute	matched	4	default	600	9945790	5030000000	1417721402	3.548	44331008	0	3960832	0
time	time-r2-rapier-par-joint_revolute-matched-t8	rapier-par	joint_revolute	matched	8	default	600	10342362	6260000000	987435634	6.340	44937216	0	4116480	0
time	time-r2-rapier-par-joint_revolute-matched-t16	rapier-par	joint_revolute	matched	16	default	600	11242076	24150000000	1918488071	12.588	46026752	0	4038656	0
time	time-r2-avian-par-joint_revolute-matched-t1	avian-par	joint_revolute	matched	1	default	600	68862375	7800000000	7798183942	1.000	44826624	0	12070912	0
time	time-r2-avian-par-joint_revolute-matched-t4	avian-par	joint_revolute	matched	4	default	600	70272864	9090000000	5740949125	1.583	46923776	0	12296192	0
time	time-r2-avian-par-joint_revolute-matched-t8	avian-par	joint_revolute	matched	8	default	600	70242357	9530000000	5384617022	1.770	48381952	0	12152832	0
time	time-r2-avian-par-joint_revolute-matched-t16	avian-par	joint_revolute	matched	16	default	600	69922730	14610000000	6666677451	2.191	52350976	0	12115968	0
time	time-r2-jolt-joint_revolute-matched-t1	jolt	joint_revolute	matched	1	default	600	24217896	4660000000	4667959542	0.998	22577152	0	6041600	0
time	time-r2-jolt-joint_revolute-matched-t4	jolt	joint_revolute	matched	4	default	600	25376364	5250000000	1347308001	3.897	23375872	0	5894144	0
time	time-r2-jolt-joint_revolute-matched-t8	jolt	joint_revolute	matched	8	default	600	24332450	5600000000	742426366	7.543	24469504	0	6037504	0
time	time-r2-jolt-joint_revolute-matched-t16	jolt	joint_revolute	matched	16	default	600	25819603	12180000000	1163765442	10.466	26587136	0	6008832	0
time	time-r2-rapier-simd8-balls-matched-t1	rapier-simd8	balls	matched	1	default	600	4398420	1900000000	1905249051	0.997	39981056	0	3497984	0
time	time-r2-rapier-simd8-balls-matched-t4	rapier-simd8	balls	matched	4	default	600	4654881	2670000000	776340896	3.439	39747584	0	3510272	0
time	time-r2-avian-serial-balls-matched-t1	avian-serial	balls	matched	1	default	600	61685883	4570000000	4580197322	0.998	41234432	0	11382784	0
time	time-r2-rapier-serial-balls-matched-t1	rapier-serial	balls	matched	1	default	600	4139647	2050000000	2049668346	1.000	36990976	0	3497984	0
time	time-r2-rapier-par-balls-defaults-t1	rapier-par	balls	defaults	1	default	600	4270841	630000000	637842105	0.988	38645760	0	3391488	0
time	time-r2-rapier-par-balls-defaults-t4	rapier-par	balls	defaults	4	default	600	4780203	880000000	288530757	3.050	39309312	0	3485696	0
time	time-r2-avian-par-balls-defaults-t1	avian-par	balls	defaults	1	default	600	59896046	3590000000	3598144286	0.998	48996352	0	11706368	0
time	time-r2-avian-par-balls-defaults-t4	avian-par	balls	defaults	4	default	600	61397554	4860000000	2098333970	2.316	51113984	0	11808768	0
time	time-r2-jolt-balls-defaults-t1	jolt	balls	defaults	1	default	600	4954932	2620000000	2629120856	0.997	16048128	0	5533696	0
time	time-r2-jolt-balls-defaults-t4	jolt	balls	defaults	4	default	600	5463343	3850000000	999987337	3.850	16637952	0	5505024	0
time	time-r2-rapier-simd8-boxes-matched-t1	rapier-simd8	boxes	matched	1	default	600	831716	1540000000	1553236466	0.991	25923584	0	3174400	0
time	time-r2-rapier-simd8-boxes-matched-t4	rapier-simd8	boxes	matched	4	default	600	1141196	2250000000	574787257	3.914	26361856	0	3264512	0
time	time-r2-avian-serial-boxes-matched-t1	avian-serial	boxes	matched	1	default	600	7215361	6620000000	6622368608	1.000	30158848	0	10874880	0
time	time-r2-rapier-serial-boxes-matched-t1	rapier-serial	boxes	matched	1	default	600	646390	1990000000	1997798145	0.996	25030656	0	3317760	0
time	time-r2-rapier-par-boxes-defaults-t1	rapier-par	boxes	defaults	1	default	600	815385	380000000	389473721	0.976	26030080	0	3313664	0
time	time-r2-rapier-par-boxes-defaults-t4	rapier-par	boxes	defaults	4	default	600	1093436	520000000	138506498	3.754	26394624	0	3125248	0
time	time-r2-avian-par-boxes-defaults-t1	avian-par	boxes	defaults	1	default	600	7466270	9020000000	9019524968	1.000	31637504	0	11038720	0
time	time-r2-avian-par-boxes-defaults-t4	avian-par	boxes	defaults	4	default	600	7802539	12720000000	5013709145	2.537	34594816	0	11362304	0
time	time-r2-jolt-boxes-defaults-t1	jolt	boxes	defaults	1	default	600	1125657	1840000000	1841958003	0.999	13553664	0	5058560	0
time	time-r2-jolt-boxes-defaults-t4	jolt	boxes	defaults	4	default	600	1647683	2740000000	710835269	3.855	14036992	0	4902912	0
time	time-r2-rapier-simd8-capsules-matched-t1	rapier-simd8	capsules	matched	1	default	600	2156395	2420000000	2431405035	0.995	39510016	0	3555328	0
time	time-r2-rapier-simd8-capsules-matched-t4	rapier-simd8	capsules	matched	4	default	600	2399940	3520000000	982811418	3.582	40968192	0	3371008	0
time	time-r2-avian-serial-capsules-matched-t1	avian-serial	capsules	matched	1	default	600	20924451	5170000000	5164268100	1.001	35205120	0	11010048	0
time	time-r2-rapier-serial-capsules-matched-t1	rapier-serial	capsules	matched	1	default	600	1900306	2490000000	2496032201	0.998	37539840	0	3174400	0
time	time-r2-rapier-par-capsules-defaults-t1	rapier-par	capsules	defaults	1	default	600	2197502	2700000000	2706896077	0.997	39473152	0	3375104	0
time	time-r2-rapier-par-capsules-defaults-t4	rapier-par	capsules	defaults	4	default	600	2466345	3810000000	1060747318	3.592	40820736	0	3371008	0
time	time-r2-avian-par-capsules-defaults-t1	avian-par	capsules	defaults	1	default	600	20295635	7300000000	7296069401	1.001	36126720	0	11493376	0
time	time-r2-avian-par-capsules-defaults-t4	avian-par	capsules	defaults	4	default	600	20883244	9960000000	4094784182	2.432	38764544	0	11300864	0
time	time-r2-jolt-capsules-defaults-t1	jolt	capsules	defaults	1	default	600	2317577	4210000000	4218709773	0.998	13721600	0	5214208	0
time	time-r2-jolt-capsules-defaults-t4	jolt	capsules	defaults	4	default	600	2349546	5740000000	1543782976	3.718	14295040	0	5033984	0
time	time-r2-rapier-simd8-pyramid-matched-t1	rapier-simd8	pyramid	matched	1	default	600	28743460	135810000000	135824402542	1.000	505761792	0	4657152	0
time	time-r2-rapier-simd8-pyramid-matched-t4	rapier-simd8	pyramid	matched	4	default	600	29452237	214660000000	56954413401	3.769	506302464	0	4726784	0
time	time-r2-avian-serial-pyramid-matched-t1	avian-serial	pyramid	matched	1	default	600	830226906	320610000000	320630406400	1.000	296779776	0	12464128	0
time	time-r2-rapier-serial-pyramid-matched-t1	rapier-serial	pyramid	matched	1	default	600	28146592	138280000000	138286011029	1.000	497385472	0	4833280	0
time	time-r2-rapier-par-pyramid-defaults-t1	rapier-par	pyramid	defaults	1	default	600	28996923	140990000000	140996830430	1.000	506675200	0	4714496	0
time	time-r2-rapier-par-pyramid-defaults-t4	rapier-par	pyramid	defaults	4	default	600	29438610	237890000000	62795424288	3.788	508968960	0	4751360	0
time	time-r2-avian-par-pyramid-defaults-t1	avian-par	pyramid	defaults	1	default	600	818167859	414500000000	414512528917	1.000	295608320	0	12910592	0
time	time-r2-avian-par-pyramid-defaults-t4	avian-par	pyramid	defaults	4	default	600	825929169	450720000000	161046987292	2.799	346320896	0	13033472	0
time	time-r2-jolt-pyramid-defaults-t1	jolt	pyramid	defaults	1	default	600	31110668	255100000000	255113047983	1.000	191451136	0	6377472	0
time	time-r2-jolt-pyramid-defaults-t4	jolt	pyramid	defaults	4	default	600	29957120	365790000000	94004771441	3.891	197861376	0	6803456	0
time	time-r2-rapier-simd8-many_pyramids-matched-t1	rapier-simd8	many_pyramids	matched	1	default	600	6940977	13340000000	13337375476	1.000	89776128	0	3383296	0
time	time-r2-rapier-simd8-many_pyramids-matched-t4	rapier-simd8	many_pyramids	matched	4	default	600	7344571	17510000000	4721527793	3.709	90124288	0	3416064	0
time	time-r2-avian-serial-many_pyramids-matched-t1	avian-serial	many_pyramids	matched	1	default	600	68127887	39830000000	39839494079	1.000	65875968	0	11292672	0
time	time-r2-rapier-serial-many_pyramids-matched-t1	rapier-serial	many_pyramids	matched	1	default	600	6640605	14200000000	14211173311	0.999	87339008	0	3383296	0
time	time-r2-rapier-par-many_pyramids-defaults-t1	rapier-par	many_pyramids	defaults	1	default	600	6823346	1340000000	1347877728	0.994	89681920	0	3297280	0
time	time-r2-rapier-par-many_pyramids-defaults-t4	rapier-par	many_pyramids	defaults	4	default	600	7719483	1770000000	493463309	3.587	90341376	0	3543040	0
time	time-r2-avian-par-many_pyramids-defaults-t1	avian-par	many_pyramids	defaults	1	default	600	65239711	46410000000	46415636657	1.000	67473408	0	11550720	0
time	time-r2-avian-par-many_pyramids-defaults-t4	avian-par	many_pyramids	defaults	4	default	600	66949544	53580000000	17228008590	3.110	73850880	0	11796480	0
time	time-r2-jolt-many_pyramids-defaults-t1	jolt	many_pyramids	defaults	1	default	600	5518586	1120000000	1119483665	1.000	34021376	0	5177344	0
time	time-r2-jolt-many_pyramids-defaults-t4	jolt	many_pyramids	defaults	4	default	600	5804500	1440000000	364929070	3.946	35356672	0	5386240	0
time	time-r2-rapier-simd8-keva-matched-t1	rapier-simd8	keva	matched	1	default	600	27971206	206720000000	206727769994	1.000	711135232	0	4608000	0
time	time-r2-rapier-simd8-keva-matched-t4	rapier-simd8	keva	matched	4	default	600	27586635	336840000000	88495750281	3.806	711536640	0	4546560	0
time	time-r2-avian-serial-keva-matched-t1	avian-serial	keva	matched	1	default	600	714078299	306580000000	306582722687	1.000	452771840	0	12681216	0
time	time-r2-rapier-serial-keva-matched-t1	rapier-serial	keva	matched	1	default	600	27520540	214550000000	214565204361	1.000	695169024	0	4591616	0
time	time-r2-rapier-par-keva-defaults-t1	rapier-par	keva	defaults	1	default	600	29469993	211390000000	211394013920	1.000	712523776	0	4751360	0
time	time-r2-rapier-par-keva-defaults-t4	rapier-par	keva	defaults	4	default	600	27800622	376310000000	98394426108	3.825	715272192	0	4583424	0
time	time-r2-avian-par-keva-defaults-t1	avian-par	keva	defaults	1	default	600	692554461	439330000000	439345712511	1.000	449286144	0	13008896	0
time	time-r2-avian-par-keva-defaults-t4	avian-par	keva	defaults	4	default	600	707813008	446440000000	166275664106	2.685	520114176	0	12693504	0
time	time-r2-jolt-keva-defaults-t1	jolt	keva	defaults	1	default	600	27893474	356420000000	356429594673	1.000	251236352	0	6524928	0
time	time-r2-jolt-keva-defaults-t4	jolt	keva	defaults	4	default	600	28092017	455700000000	116273469372	3.919	257110016	0	6373376	0
time	time-r2-rapier-simd8-joint_ball-matched-t1	rapier-simd8	joint_ball	matched	1	default	600	13609293	5320000000	5320691367	1.000	64102400	0	4968448	0
time	time-r2-rapier-simd8-joint_ball-matched-t4	rapier-simd8	joint_ball	matched	4	default	600	13623690	6570000000	1904388160	3.450	65114112	0	4939776	0
time	time-r2-avian-serial-joint_ball-matched-t1	avian-serial	joint_ball	matched	1	default	600	104762110	11340000000	11345921678	0.999	82321408	0	12824576	0
time	time-r2-rapier-serial-joint_ball-matched-t1	rapier-serial	joint_ball	matched	1	default	600	13362551	6030000000	6024827768	1.001	61779968	0	4907008	0
time	time-r2-rapier-par-joint_ball-defaults-t1	rapier-par	joint_ball	defaults	1	default	600	13441267	6850000000	6839401224	1.002	64880640	0	4947968	0
time	time-r2-rapier-par-joint_ball-defaults-t4	rapier-par	joint_ball	defaults	4	default	600	14359604	8230000000	2344596754	3.510	65933312	0	4743168	0
time	time-r2-avian-par-joint_ball-defaults-t1	avian-par	joint_ball	defaults	1	default	600	104243508	10540000000	10546996504	0.999	57647104	0	12976128	0
time	time-r2-avian-par-joint_ball-defaults-t4	avian-par	joint_ball	defaults	4	default	600	105178703	11910000000	8401062244	1.418	56918016	0	12853248	0
time	time-r2-jolt-joint_ball-defaults-t1	jolt	joint_ball	defaults	1	default	600	218293732	6800000000	6800825316	1.000	27144192	0	6828032	0
time	time-r2-jolt-joint_ball-defaults-t4	jolt	joint_ball	defaults	4	default	600	212241792	9340000000	2753281886	3.392	28008448	0	6840320	0
time	time-r2-rapier-simd8-joint_fixed-matched-t1	rapier-simd8	joint_fixed	matched	1	default	600	14297945	7980000000	7971896143	1.001	65290240	0	4878336	0
time	time-r2-rapier-simd8-joint_fixed-matched-t4	rapier-simd8	joint_fixed	matched	4	default	600	15536642	10630000000	2980232747	3.567	65662976	0	5099520	0
time	time-r2-avian-serial-joint_fixed-matched-t1	avian-serial	joint_fixed	matched	1	default	600	121115925	8740000000	8737215035	1.000	53444608	0	12763136	0
time	time-r2-rapier-serial-joint_fixed-matched-t1	rapier-serial	joint_fixed	matched	1	default	600	14140680	10110000000	10121751946	0.999	63733760	0	4882432	0
time	time-r2-rapier-par-joint_fixed-defaults-t1	rapier-par	joint_fixed	defaults	1	default	600	14263318	5910000000	5916012867	0.999	65458176	0	5050368	0
time	time-r2-rapier-par-joint_fixed-defaults-t4	rapier-par	joint_fixed	defaults	4	default	600	14410894	7210000000	2000225688	3.605	65695744	0	4792320	0
time	time-r2-avian-par-joint_fixed-defaults-t1	avian-par	joint_fixed	defaults	1	default	600	117904480	12150000000	12147896142	1.000	53796864	0	13053952	0
time	time-r2-avian-par-joint_fixed-defaults-t4	avian-par	joint_fixed	defaults	4	default	600	114737735	13300000000	11194620211	1.188	55025664	0	13111296	0
time	time-r2-jolt-joint_fixed-defaults-t1	jolt	joint_fixed	defaults	1	default	600	226941611	9280000000	9281406159	1.000	32292864	0	6832128	0
time	time-r2-jolt-joint_fixed-defaults-t4	jolt	joint_fixed	defaults	4	default	600	232106551	10290000000	2636965007	3.902	33153024	0	7004160	0
time	time-r2-rapier-simd8-joint_prismatic-matched-t1	rapier-simd8	joint_prismatic	matched	1	default	600	19764126	8390000000	8393114658	1.000	80048128	0	5136384	0
time	time-r2-rapier-simd8-joint_prismatic-matched-t4	rapier-simd8	joint_prismatic	matched	4	default	600	20045991	11400000000	3320938652	3.433	80797696	0	5005312	0
time	time-r2-avian-serial-joint_prismatic-matched-t1	avian-serial	joint_prismatic	matched	1	default	600	214629974	27190000000	27195345456	1.000	81956864	0	13131776	0
time	time-r2-rapier-serial-joint_prismatic-matched-t1	rapier-serial	joint_prismatic	matched	1	default	600	19576672	9590000000	9583634620	1.001	78000128	0	4947968	0
time	time-r2-rapier-par-joint_prismatic-defaults-t1	rapier-par	joint_prismatic	defaults	1	default	600	19721553	10260000000	10255905239	1.000	80130048	0	4861952	0
time	time-r2-rapier-par-joint_prismatic-defaults-t4	rapier-par	joint_prismatic	defaults	4	default	600	20017126	13300000000	3804795238	3.496	80977920	0	5005312	0
time	time-r2-avian-par-joint_prismatic-defaults-t1	avian-par	joint_prismatic	defaults	1	default	600	204189759	32840000000	32829079896	1.000	81010688	0	13279232	0
time	time-r2-avian-par-joint_prismatic-defaults-t4	avian-par	joint_prismatic	defaults	4	default	600	210235566	38850000000	21202898127	1.832	92151808	0	13099008	0
time	time-r2-jolt-joint_prismatic-defaults-t1	jolt	joint_prismatic	defaults	1	default	600	134529020	11160000000	11163692730	1.000	37879808	0	6815744	0
time	time-r2-jolt-joint_prismatic-defaults-t4	jolt	joint_prismatic	defaults	4	default	600	138773706	13150000000	3357750546	3.916	39100416	0	6774784	0
time	time-r2-rapier-simd8-joint_revolute-matched-t1	rapier-simd8	joint_revolute	matched	1	default	600	9904953	3310000000	3307031688	1.001	48717824	0	4091904	0
time	time-r2-rapier-simd8-joint_revolute-matched-t4	rapier-simd8	joint_revolute	matched	4	default	600	10239127	4230000000	1209372163	3.498	48332800	0	4104192	0
time	time-r2-avian-serial-joint_revolute-matched-t1	avian-serial	joint_revolute	matched	1	default	600	68180227	7300000000	7310234062	0.999	43208704	0	12062720	0
time	time-r2-rapier-serial-joint_revolute-matched-t1	rapier-serial	joint_revolute	matched	1	default	600	9637693	3960000000	3959391879	1.000	42135552	0	4165632	0
time	time-r2-rapier-par-joint_revolute-defaults-t1	rapier-par	joint_revolute	defaults	1	default	600	9665033	4810000000	4809215315	1.000	43909120	0	4014080	0
time	time-r2-rapier-par-joint_revolute-defaults-t4	rapier-par	joint_revolute	defaults	4	default	600	10132057	6000000000	1671179668	3.590	44904448	0	4247552	0
time	time-r2-avian-par-joint_revolute-defaults-t1	avian-par	joint_revolute	defaults	1	default	600	66443769	36500000000	36493473952	1.000	66162688	0	12308480	0
time	time-r2-avian-par-joint_revolute-defaults-t4	avian-par	joint_revolute	defaults	4	default	600	66994186	43030000000	21744576313	1.979	75911168	0	12374016	0
time	time-r2-jolt-joint_revolute-defaults-t1	jolt	joint_revolute	defaults	1	default	600	24573141	4670000000	4667652309	1.001	22581248	0	6098944	0
time	time-r2-jolt-joint_revolute-defaults-t4	jolt	joint_revolute	defaults	4	default	600	25464116	5300000000	1353372971	3.916	23367680	0	5967872	0
split	split-r2-avian-par-balls-matched-t1	avian-par	balls	matched	1	default	600	62844254	5220000000	5219817876	1.000	42225664	0	11460608	0
split	split-r2-avian-par-balls-matched-t4	avian-par	balls	matched	4	default	600	62360930	6260000000	2467807575	2.537	44847104	0	11489280	0
split	split-r2-avian-par-boxes-matched-t1	avian-par	boxes	matched	1	default	600	7840451	6960000000	6960444660	1.000	30867456	0	11345920	0
split	split-r2-avian-par-boxes-matched-t4	avian-par	boxes	matched	4	default	600	8419444	9760000000	3896450664	2.505	33247232	0	11456512	0
split	split-r2-avian-par-capsules-matched-t1	avian-par	capsules	matched	1	default	600	22398223	5620000000	5628128137	0.999	35913728	0	11509760	0
split	split-r2-avian-par-capsules-matched-t4	avian-par	capsules	matched	4	default	600	22245929	7370000000	3081765407	2.391	38297600	0	11292672	0
split	split-r2-avian-par-pyramid-matched-t1	avian-par	pyramid	matched	1	default	600	837600969	323850000000	323869104916	1.000	298455040	0	12869632	0
split	split-r2-avian-par-pyramid-matched-t4	avian-par	pyramid	matched	4	default	600	858376523	356420000000	128536817868	2.773	345075712	0	12980224	0
split	split-r2-avian-par-many_pyramids-matched-t1	avian-par	many_pyramids	matched	1	default	600	70225427	41360000000	41356091961	1.000	67653632	0	11800576	0
split	split-r2-avian-par-many_pyramids-matched-t4	avian-par	many_pyramids	matched	4	default	600	69968164	47150000000	15880941610	2.969	73297920	0	11513856	0
split	split-r2-avian-par-keva-matched-t1	avian-par	keva	matched	1	default	600	716187217	310980000000	310996155434	1.000	455221248	0	12677120	0
split	split-r2-avian-par-keva-matched-t4	avian-par	keva	matched	4	default	600	724349199	314780000000	119415538916	2.636	526110720	0	12840960	0
split	split-r2-avian-par-joint_ball-matched-t1	avian-par	joint_ball	matched	1	default	600	108270912	12120000000	12120433719	1.000	83828736	0	12754944	0
split	split-r2-avian-par-joint_ball-matched-t4	avian-par	joint_ball	matched	4	default	600	106395300	14440000000	8918733188	1.619	89374720	0	13070336	0
split	split-r2-avian-par-joint_fixed-matched-t1	avian-par	joint_fixed	matched	1	default	600	122516241	9300000000	9309562266	0.999	54824960	0	13099008	0
split	split-r2-avian-par-joint_fixed-matched-t4	avian-par	joint_fixed	matched	4	default	600	136051342	10260000000	8329009334	1.232	56188928	0	13180928	0
split	split-r2-avian-par-joint_prismatic-matched-t1	avian-par	joint_prismatic	matched	1	default	600	213737358	28780000000	28792396879	1.000	83243008	0	13266944	0
split	split-r2-avian-par-joint_prismatic-matched-t4	avian-par	joint_prismatic	matched	4	default	600	212972631	32980000000	18225149797	1.810	93417472	0	13180928	0
split	split-r2-avian-par-joint_revolute-matched-t1	avian-par	joint_revolute	matched	1	default	600	70462146	7830000000	7839532937	0.999	44941312	0	12152832	0
split	split-r2-avian-par-joint_revolute-matched-t4	avian-par	joint_revolute	matched	4	default	600	72287180	9080000000	5749320855	1.579	46661632	0	12300288	0
sweep	sweep-r2-rapier-par-many_pyramids-matched-t4-i2	rapier-par	many_pyramids	matched	4	2	600	7610743	15490000000	4243739133	3.650	90148864	0	3297280	0
sweep	sweep-r2-avian-par-many_pyramids-matched-t4-i2	avian-par	many_pyramids	matched	4	2	600	69109625	33650000000	12563916197	2.678	74129408	0	11497472	0
sweep	sweep-r2-jolt-many_pyramids-matched-t4-i2	jolt	many_pyramids	matched	4	2	600	5760873	17790000000	4514832263	3.940	35778560	0	5496832	0
sweep	sweep-r2-rapier-par-many_pyramids-matched-t4-i4	rapier-par	many_pyramids	matched	4	4	600	7308839	18990000000	5071124012	3.745	90271744	0	3608576	0
sweep	sweep-r2-avian-par-many_pyramids-matched-t4-i4	avian-par	many_pyramids	matched	4	4	600	67607800	46470000000	15367395646	3.024	73166848	0	11538432	0
sweep	sweep-r2-jolt-many_pyramids-matched-t4-i4	jolt	many_pyramids	matched	4	4	600	5670213	14630000000	3722900771	3.930	35524608	0	5468160	0
sweep	sweep-r2-rapier-par-many_pyramids-matched-t4-i8	rapier-par	many_pyramids	matched	4	8	600	7709076	24260000000	6432171312	3.772	90275840	0	3522560	0
sweep	sweep-r2-avian-par-many_pyramids-matched-t4-i8	avian-par	many_pyramids	matched	4	8	600	67353114	74370000000	23138295753	3.214	73306112	0	11628544	0
sweep	sweep-r2-jolt-many_pyramids-matched-t4-i8	jolt	many_pyramids	matched	4	8	600	5845902	18210000000	4617833189	3.943	35328000	0	5206016	0
sweep	sweep-r2-rapier-par-joint_revolute-matched-t4-i2	rapier-par	joint_revolute	matched	4	2	600	10218880	3340000000	990429225	3.372	43642880	0	4128768	0
sweep	sweep-r2-avian-par-joint_revolute-matched-t4-i2	avian-par	joint_revolute	matched	4	2	600	69537565	6390000000	3804044035	1.680	46497792	0	12201984	0
sweep	sweep-r2-rapier-par-joint_revolute-matched-t4-i4	rapier-par	joint_revolute	matched	4	4	600	10269844	5080000000	1435152141	3.540	44347392	0	4141056	0
sweep	sweep-r2-avian-par-joint_revolute-matched-t4-i4	avian-par	joint_revolute	matched	4	4	600	69415147	9110000000	5750526320	1.584	46911488	0	11980800	0
sweep	sweep-r2-jolt-joint_revolute-matched-t4-i4	jolt	joint_revolute	matched	4	4	600	25432739	4380000000	1125056606	3.893	23277568	0	5705728	0
sweep	sweep-r2-rapier-par-joint_revolute-matched-t4-i8	rapier-par	joint_revolute	matched	4	8	600	10237514	8470000000	2279862383	3.715	44290048	0	4087808	0
sweep	sweep-r2-avian-par-joint_revolute-matched-t4-i8	avian-par	joint_revolute	matched	4	8	600	69147835	13940000000	9500729281	1.467	47218688	0	12292096	0
sweep	sweep-r2-jolt-joint_revolute-matched-t4-i8	jolt	joint_revolute	matched	4	8	600	24643312	4930000000	1266508927	3.893	23527424	0	6049792	0
time	time-r3-rapier-par-balls-matched-t1	rapier-par	balls	matched	1	default	600	4369581	2100000000	2099353462	1.000	38686720	0	3510272	0
time	time-r3-rapier-par-balls-matched-t4	rapier-par	balls	matched	4	default	600	5034274	2820000000	821258731	3.434	39313408	0	3301376	0
time	time-r3-rapier-par-balls-matched-t8	rapier-par	balls	matched	8	default	600	4810045	3740000000	612501520	6.106	39919616	0	3428352	0
time	time-r3-rapier-par-balls-matched-t16	rapier-par	balls	matched	16	default	600	6101640	13820000000	1152733393	11.989	40476672	0	3514368	0
time	time-r3-avian-par-balls-matched-t1	avian-par	balls	matched	1	default	600	63254243	5180000000	5187780950	0.999	42311680	0	11653120	0
time	time-r3-avian-par-balls-matched-t4	avian-par	balls	matched	4	default	600	63695819	6250000000	2458695756	2.542	44908544	0	11509760	0
time	time-r3-avian-par-balls-matched-t8	avian-par	balls	matched	8	default	600	62776762	7210000000	2323905297	3.103	47964160	0	11657216	0
time	time-r3-avian-par-balls-matched-t16	avian-par	balls	matched	16	default	600	66551059	13520000000	3778766215	3.578	54263808	0	11579392	0
time	time-r3-jolt-balls-matched-t1	jolt	balls	matched	1	default	600	4944927	2890000000	2889677206	1.000	16064512	0	5472256	0
time	time-r3-jolt-balls-matched-t4	jolt	balls	matched	4	default	600	5728181	4230000000	1097106477	3.856	16547840	0	5275648	0
time	time-r3-jolt-balls-matched-t8	jolt	balls	matched	8	default	600	5036648	5910000000	794619241	7.438	17207296	0	5173248	0
time	time-r3-jolt-balls-matched-t16	jolt	balls	matched	16	default	600	5852614	15430000000	1094337886	14.100	19320832	0	5496832	0
time	time-r3-jolt-4-balls-matched-t1	jolt-4	balls	matched	1	4	600	4969252	2530000000	2534095330	0.998	15831040	0	5251072	0
time	time-r3-jolt-4-balls-matched-t4	jolt-4	balls	matched	4	4	600	5194303	3890000000	1013663192	3.838	16728064	0	5550080	0
time	time-r3-jolt-4-balls-matched-t8	jolt-4	balls	matched	8	4	600	5198922	5520000000	747482031	7.385	17428480	0	5521408	0
time	time-r3-jolt-4-balls-matched-t16	jolt-4	balls	matched	16	4	600	5448599	15310000000	1086783930	14.087	19296256	0	5406720	0
time	time-r3-rapier-par-boxes-matched-t1	rapier-par	boxes	matched	1	default	600	822628	2000000000	2004821726	0.998	26103808	0	3260416	0
time	time-r3-rapier-par-boxes-matched-t4	rapier-par	boxes	matched	4	default	600	1130534	2720000000	696361384	3.906	26173440	0	3284992	0
time	time-r3-rapier-par-boxes-matched-t8	rapier-par	boxes	matched	8	default	600	1672027	4210000000	566512593	7.431	26558464	0	3198976	0
time	time-r3-rapier-par-boxes-matched-t16	rapier-par	boxes	matched	16	default	600	2346758	14020000000	929346448	15.086	27258880	0	3309568	0
time	time-r3-avian-par-boxes-matched-t1	avian-par	boxes	matched	1	default	600	7877391	6960000000	6962459098	1.000	30846976	0	11169792	0
time	time-r3-avian-par-boxes-matched-t4	avian-par	boxes	matched	4	default	600	8231120	9780000000	3901018330	2.507	32993280	0	11370496	0
time	time-r3-avian-par-boxes-matched-t8	avian-par	boxes	matched	8	default	600	8675202	11190000000	3351606428	3.339	34107392	0	11329536	0
time	time-r3-avian-par-boxes-matched-t16	avian-par	boxes	matched	16	default	600	9522847	20570000000	5621487385	3.659	38719488	0	11173888	0
time	time-r3-jolt-boxes-matched-t1	jolt	boxes	matched	1	default	600	1096159	3940000000	3943143243	0.999	13635584	0	5140480	0
time	time-r3-jolt-boxes-matched-t4	jolt	boxes	matched	4	default	600	1193021	6010000000	1536240105	3.912	14127104	0	4984832	0
time	time-r3-jolt-boxes-matched-t8	jolt	boxes	matched	8	default	600	1357378	8490000000	1101779552	7.706	14807040	0	5099520	0
time	time-r3-jolt-boxes-matched-t16	jolt	boxes	matched	16	default	600	1679871	27810000000	1873368915	14.845	15962112	0	5038080	0
time	time-r3-jolt-4-boxes-matched-t1	jolt-4	boxes	matched	1	4	600	1114023	2630000000	2640031738	0.996	13701120	0	5181440	0
time	time-r3-jolt-4-boxes-matched-t4	jolt-4	boxes	matched	4	4	600	1235921	4360000000	1132015825	3.852	14139392	0	5025792	0
time	time-r3-jolt-4-boxes-matched-t8	jolt-4	boxes	matched	8	4	600	1367217	6220000000	828916081	7.504	14835712	0	5107712	0
time	time-r3-jolt-4-boxes-matched-t16	jolt-4	boxes	matched	16	4	600	1677056	21050000000	1434399508	14.675	15978496	0	4820992	0
time	time-r3-rapier-par-capsules-matched-t1	rapier-par	capsules	matched	1	default	600	2173404	2560000000	2566234448	0.998	39010304	0	3334144	0
time	time-r3-rapier-par-capsules-matched-t4	rapier-par	capsules	matched	4	default	600	2621582	3600000000	1002996487	3.589	40869888	0	3358720	0
time	time-r3-rapier-par-capsules-matched-t8	rapier-par	capsules	matched	8	default	600	2651749	4920000000	753864265	6.526	41426944	0	3321856	0
time	time-r3-rapier-par-capsules-matched-t16	rapier-par	capsules	matched	16	default	600	3651969	15870000000	1361025710	11.660	42315776	0	3432448	0
time	time-r3-avian-par-capsules-matched-t1	avian-par	capsules	matched	1	default	600	21550828	5630000000	5623163345	1.001	35897344	0	11542528	0
time	time-r3-avian-par-capsules-matched-t4	avian-par	capsules	matched	4	default	600	21669107	7330000000	3072867860	2.385	38436864	0	11325440	0
time	time-r3-avian-par-capsules-matched-t8	avian-par	capsules	matched	8	default	600	22464656	8290000000	2555405270	3.244	41054208	0	11280384	0
time	time-r3-avian-par-capsules-matched-t16	avian-par	capsules	matched	16	default	600	24095005	15990000000	4225564634	3.784	46092288	0	11304960	0
time	time-r3-jolt-capsules-matched-t1	jolt	capsules	matched	1	default	600	2308437	4400000000	4402424279	0.999	13791232	0	5033984	0
time	time-r3-jolt-capsules-matched-t4	jolt	capsules	matched	4	default	600	2473786	5980000000	1599953126	3.738	14540800	0	5177344	0
time	time-r3-jolt-capsules-matched-t8	jolt	capsules	matched	8	default	600	2460712	7840000000	1108460683	7.073	14901248	0	4825088	0
time	time-r3-jolt-capsules-matched-t16	jolt	capsules	matched	16	default	600	2962319	21830000000	1599784226	13.646	16748544	0	5050368	0
time	time-r3-jolt-4-capsules-matched-t1	jolt-4	capsules	matched	1	4	600	2261509	4560000000	4571672752	0.997	15015936	0	4788224	0
time	time-r3-jolt-4-capsules-matched-t4	jolt-4	capsules	matched	4	4	600	2505676	6220000000	1663987477	3.738	15843328	0	5140480	0
time	time-r3-jolt-4-capsules-matched-t8	jolt-4	capsules	matched	8	4	600	2548305	8220000000	1157877542	7.099	16666624	0	5242880	0
time	time-r3-jolt-4-capsules-matched-t16	jolt-4	capsules	matched	16	4	600	3083887	21880000000	1611619362	13.576	17813504	0	4710400	0
time	time-r3-rapier-par-pyramid-matched-t1	rapier-par	pyramid	matched	1	default	600	28871184	141550000000	141557152765	1.000	505839616	0	4759552	0
time	time-r3-rapier-par-pyramid-matched-t4	rapier-par	pyramid	matched	4	default	600	30088416	237720000000	62578747886	3.799	507154432	0	4923392	0
time	time-r3-rapier-par-pyramid-matched-t8	rapier-par	pyramid	matched	8	default	600	30286557	388980000000	52469980014	7.413	506105856	0	4677632	0
time	time-r3-rapier-par-pyramid-matched-t16	rapier-par	pyramid	matched	16	default	600	31641507	648210000000	45231622273	14.331	508731392	0	4923392	0
time	time-r3-avian-par-pyramid-matched-t1	avian-par	pyramid	matched	1	default	600	841546544	324520000000	324539880810	1.000	298942464	0	12673024	0
time	time-r3-avian-par-pyramid-matched-t4	avian-par	pyramid	matched	4	default	600	852045391	355830000000	128028041136	2.779	344662016	0	13094912	0
time	time-r3-avian-par-pyramid-matched-t8	avian-par	pyramid	matched	8	default	600	850505088	400160000000	91115337443	4.392	329150464	0	12914688	0
time	time-r3-avian-par-pyramid-matched-t16	avian-par	pyramid	matched	16	default	600	880488743	540170000000	89361226213	6.045	366428160	0	12800000	0
time	time-r3-jolt-pyramid-matched-t1	jolt	pyramid	matched	1	default	600	30286612	260000000000	260010551337	1.000	191135744	0	6299648	0
time	time-r3-jolt-pyramid-matched-t4	jolt	pyramid	matched	4	default	600	29782825	371590000000	95375994864	3.896	196796416	0	6598656	0
time	time-r3-jolt-pyramid-matched-t8	jolt	pyramid	matched	8	default	600	32067987	515460000000	67335995161	7.655	201428992	0	6717440	0
time	time-r3-jolt-pyramid-matched-t16	jolt	pyramid	matched	16	default	600	30910103	992680000000	65866194768	15.071	209989632	0	6668288	0
time	time-r3-jolt-4-pyramid-matched-t1	jolt-4	pyramid	matched	1	4	600	30095698	172140000000	172150789947	1.000	193445888	0	6467584	0
time	time-r3-jolt-4-pyramid-matched-t4	jolt-4	pyramid	matched	4	4	600	29801696	253410000000	65861371911	3.848	199761920	0	6795264	0
time	time-r3-jolt-4-pyramid-matched-t8	jolt-4	pyramid	matched	8	4	600	30048717	361450000000	48175735837	7.503	202788864	0	6762496	0
time	time-r3-jolt-4-pyramid-matched-t16	jolt-4	pyramid	matched	16	4	600	31069267	697860000000	47454721629	14.706	212099072	0	6705152	0
time	time-r3-rapier-par-many_pyramids-matched-t1	rapier-par	many_pyramids	matched	1	default	600	7060344	14080000000	14075213576	1.000	89952256	0	3362816	0
time	time-r3-rapier-par-many_pyramids-matched-t4	rapier-par	many_pyramids	matched	4	default	600	7284944	19060000000	5122564172	3.721	90517504	0	3461120	0
time	time-r3-rapier-par-many_pyramids-matched-t8	rapier-par	many_pyramids	matched	8	default	600	7585066	26980000000	3810052222	7.081	90882048	0	3465216	0
time	time-r3-rapier-par-many_pyramids-matched-t16	rapier-par	many_pyramids	matched	16	default	600	8544810	40300000000	3025963267	13.318	91254784	0	3428352	0
time	time-r3-avian-par-many_pyramids-matched-t1	avian-par	many_pyramids	matched	1	default	600	69310654	41530000000	41533148941	1.000	67842048	0	11538432	0
time	time-r3-avian-par-many_pyramids-matched-t4	avian-par	many_pyramids	matched	4	default	600	70733846	46820000000	16244500321	2.882	73334784	0	11681792	0
time	time-r3-avian-par-many_pyramids-matched-t8	avian-par	many_pyramids	matched	8	default	600	70488042	50290000000	10623503530	4.734	73719808	0	11677696	0
time	time-r3-avian-par-many_pyramids-matched-t16	avian-par	many_pyramids	matched	16	default	600	72516211	94200000000	17109391170	5.506	86036480	0	11751424	0
time	time-r3-jolt-many_pyramids-matched-t1	jolt	many_pyramids	matched	1	default	600	5501030	15340000000	15350463498	0.999	34242560	0	5390336	0
time	time-r3-jolt-many_pyramids-matched-t4	jolt	many_pyramids	matched	4	default	600	5850414	20130000000	5093411595	3.952	35332096	0	5271552	0
time	time-r3-jolt-many_pyramids-matched-t8	jolt	many_pyramids	matched	8	default	600	5835445	24710000000	3160244966	7.819	36503552	0	5476352	0
time	time-r3-jolt-many_pyramids-matched-t16	jolt	many_pyramids	matched	16	default	600	6250121	87570000000	5651160780	15.496	38883328	0	5550080	0
time	time-r3-jolt-4-many_pyramids-matched-t1	jolt-4	many_pyramids	matched	1	4	600	5637443	11070000000	11073730689	1.000	34033664	0	5173248	0
time	time-r3-jolt-4-many_pyramids-matched-t4	jolt-4	many_pyramids	matched	4	4	600	5882370	14820000000	3769085950	3.932	35553280	0	5427200	0
time	time-r3-jolt-4-many_pyramids-matched-t8	jolt-4	many_pyramids	matched	8	4	600	6552685	18380000000	2369556465	7.757	36413440	0	5451776	0
time	time-r3-jolt-4-many_pyramids-matched-t16	jolt-4	many_pyramids	matched	16	4	600	5951398	68700000000	4454262178	15.423	38850560	0	5574656	0
time	time-r3-rapier-par-keva-matched-t1	rapier-par	keva	matched	1	default	600	28222316	212480000000	212488918238	1.000	711110656	0	4689920	0
time	time-r3-rapier-par-keva-matched-t4	rapier-par	keva	matched	4	default	600	28641118	378450000000	98855619086	3.828	712114176	0	4583424	0
time	time-r3-rapier-par-keva-matched-t8	rapier-par	keva	matched	8	default	600	28871167	622970000000	82951941917	7.510	720633856	0	4681728	0
time	time-r3-rapier-par-keva-matched-t16	rapier-par	keva	matched	16	default	600	30177127	1090570000000	74012940059	14.735	723841024	0	4694016	0
time	time-r3-avian-par-keva-matched-t1	avian-par	keva	matched	1	default	600	719368520	310890000000	310900817682	1.000	455127040	0	12570624	0
time	time-r3-avian-par-keva-matched-t4	avian-par	keva	matched	4	default	600	698837078	317000000000	120415769966	2.633	527101952	0	12910592	0
time	time-r3-avian-par-keva-matched-t8	avian-par	keva	matched	8	default	600	721036094	342170000000	81705734994	4.188	498671616	0	12783616	0
time	time-r3-avian-par-keva-matched-t16	avian-par	keva	matched	16	default	600	754769741	446680000000	75388714902	5.925	511643648	0	12697600	0
time	time-r3-jolt-keva-matched-t1	jolt	keva	matched	1	default	600	27983608	359860000000	359883089283	1.000	251338752	0	6660096	0
time	time-r3-jolt-keva-matched-t4	jolt	keva	matched	4	default	600	27791157	473540000000	120502110297	3.930	257298432	0	6447104	0
time	time-r3-jolt-keva-matched-t8	jolt	keva	matched	8	default	600	28448618	601710000000	77770539366	7.737	259211264	0	6098944	0
time	time-r3-jolt-keva-matched-t16	jolt	keva	matched	16	default	600	29402030	1002350000000	66005325743	15.186	266653696	0	6287360	0
time	time-r3-jolt-4-keva-matched-t1	jolt-4	keva	matched	1	4	600	28258170	438040000000	438049978852	1.000	317775872	0	6516736	0
time	time-r3-jolt-4-keva-matched-t4	jolt-4	keva	matched	4	4	600	27553124	562470000000	142918972519	3.936	322244608	0	6643712	0
time	time-r3-jolt-4-keva-matched-t8	jolt-4	keva	matched	8	4	600	28966623	709720000000	91451258410	7.761	324317184	0	6262784	0
time	time-r3-jolt-4-keva-matched-t16	jolt-4	keva	matched	16	4	600	29084934	1151740000000	75605192397	15.234	331632640	0	6598656	0
time	time-r3-rapier-par-joint_ball-matched-t1	rapier-par	joint_ball	matched	1	default	600	13773690	6300000000	6303996743	0.999	64323584	0	4911104	0
time	time-r3-rapier-par-joint_ball-matched-t4	rapier-par	joint_ball	matched	4	default	600	13890961	7770000000	2224590407	3.493	65142784	0	4780032	0
time	time-r3-rapier-par-joint_ball-matched-t8	rapier-par	joint_ball	matched	8	default	600	14167379	9560000000	1538860434	6.212	65024000	0	4993024	0
time	time-r3-rapier-par-joint_ball-matched-t16	rapier-par	joint_ball	matched	16	default	600	15325545	35650000000	2764681860	12.895	67276800	0	4853760	0
time	time-r3-avian-par-joint_ball-matched-t1	avian-par	joint_ball	matched	1	default	600	107972030	12080000000	12082220369	1.000	84119552	0	13123584	0
time	time-r3-avian-par-joint_ball-matched-t4	avian-par	joint_ball	matched	4	default	600	106139272	14140000000	8726242808	1.620	91471872	0	12754944	0
time	time-r3-avian-par-joint_ball-matched-t8	avian-par	joint_ball	matched	8	default	600	111245012	15200000000	8020296433	1.895	91656192	0	12947456	0
time	time-r3-avian-par-joint_ball-matched-t16	avian-par	joint_ball	matched	16	default	600	110589416	24480000000	9891550568	2.475	94666752	0	13127680	0
time	time-r3-jolt-joint_ball-matched-t1	jolt	joint_ball	matched	1	default	600	218982878	6690000000	6686290228	1.001	27066368	0	6893568	0
time	time-r3-jolt-joint_ball-matched-t4	jolt	joint_ball	matched	4	default	600	220548520	9170000000	2681138010	3.420	27910144	0	6676480	0
time	time-r3-jolt-joint_ball-matched-t8	jolt	joint_ball	matched	8	default	600	213033936	40510000000	6481512926	6.250	29151232	0	6795264	0
time	time-r3-jolt-joint_ball-matched-t16	jolt	joint_ball	matched	16	default	600	219488951	102840000000	9191901303	11.188	31461376	0	6778880	0
time	time-r3-jolt-4-joint_ball-matched-t1	jolt-4	joint_ball	matched	1	4	600	217617723	5630000000	5629596078	1.000	27230208	0	6844416	0
time	time-r3-jolt-4-joint_ball-matched-t4	jolt-4	joint_ball	matched	4	4	600	220629890	7390000000	2226051516	3.320	28049408	0	6586368	0
time	time-r3-jolt-4-joint_ball-matched-t8	jolt-4	joint_ball	matched	8	4	600	212478292	41950000000	7215905489	5.814	29208576	0	6717440	0
time	time-r3-jolt-4-joint_ball-matched-t16	jolt-4	joint_ball	matched	16	4	600	227774927	33970000000	3088619730	10.998	31588352	0	6684672	0
time	time-r3-rapier-par-joint_fixed-matched-t1	rapier-par	joint_fixed	matched	1	default	600	14415933	10280000000	10285825302	0.999	65138688	0	4947968	0
time	time-r3-rapier-par-joint_fixed-matched-t4	rapier-par	joint_fixed	matched	4	default	600	14583979	12810000000	3516990164	3.642	65826816	0	4964352	0
time	time-r3-rapier-par-joint_fixed-matched-t8	rapier-par	joint_fixed	matched	8	default	600	15139499	15780000000	2349874329	6.715	65966080	0	4907008	0
time	time-r3-rapier-par-joint_fixed-matched-t16	rapier-par	joint_fixed	matched	16	default	600	16406018	48270000000	3448595429	13.997	66899968	0	4956160	0
time	time-r3-avian-par-joint_fixed-matched-t1	avian-par	joint_fixed	matched	1	default	600	135913639	9270000000	9278539286	0.999	54648832	0	13164544	0
time	time-r3-avian-par-joint_fixed-matched-t4	avian-par	joint_fixed	matched	4	default	600	125191823	10210000000	8295779851	1.231	56299520	0	13299712	0
time	time-r3-avian-par-joint_fixed-matched-t8	avian-par	joint_fixed	matched	8	default	600	122690494	10520000000	8146417084	1.291	58052608	0	13234176	0
time	time-r3-avian-par-joint_fixed-matched-t16	avian-par	joint_fixed	matched	16	default	600	124030012	13620000000	9129818216	1.492	60428288	0	13119488	0
time	time-r3-jolt-joint_fixed-matched-t1	jolt	joint_fixed	matched	1	default	600	228035306	9270000000	9277891934	0.999	32104448	0	6569984	0
time	time-r3-jolt-joint_fixed-matched-t4	jolt	joint_fixed	matched	4	default	600	230203365	10230000000	2621686124	3.902	33112064	0	6758400	0
time	time-r3-jolt-joint_fixed-matched-t8	jolt	joint_fixed	matched	8	default	600	222621466	10820000000	1418792976	7.626	33611776	0	6467584	0
time	time-r3-jolt-joint_fixed-matched-t16	jolt	joint_fixed	matched	16	default	600	229625214	19260000000	1652608623	11.654	35790848	0	6799360	0
time	time-r3-jolt-4-joint_fixed-matched-t1	jolt-4	joint_fixed	matched	1	4	600	227868060	7730000000	7734470609	0.999	32468992	0	6823936	0
time	time-r3-jolt-4-joint_fixed-matched-t4	jolt-4	joint_fixed	matched	4	4	600	231453324	8700000000	2235125012	3.892	33587200	0	6737920	0
time	time-r3-jolt-4-joint_fixed-matched-t8	jolt-4	joint_fixed	matched	8	4	600	230316592	9130000000	1206343549	7.568	34656256	0	6823936	0
time	time-r3-jolt-4-joint_fixed-matched-t16	jolt-4	joint_fixed	matched	16	4	600	231716429	18190000000	1702379225	10.685	37392384	0	6946816	0
time	time-r3-rapier-par-joint_prismatic-matched-t1	rapier-par	joint_prismatic	matched	1	default	600	19972730	9650000000	9647703777	1.000	80183296	0	5111808	0
time	time-r3-rapier-par-joint_prismatic-matched-t4	rapier-par	joint_prismatic	matched	4	default	600	20091692	12920000000	3705127802	3.487	80859136	0	4849664	0
time	time-r3-rapier-par-joint_prismatic-matched-t8	rapier-par	joint_prismatic	matched	8	default	600	20479328	21470000000	3375767974	6.360	81199104	0	5095424	0
time	time-r3-rapier-par-joint_prismatic-matched-t16	rapier-par	joint_prismatic	matched	16	default	600	22148782	50970000000	3998394099	12.748	82239488	0	5087232	0
time	time-r3-avian-par-joint_prismatic-matched-t1	avian-par	joint_prismatic	matched	1	default	600	212344571	28180000000	28182395362	1.000	83574784	0	13135872	0
time	time-r3-avian-par-joint_prismatic-matched-t4	avian-par	joint_prismatic	matched	4	default	600	218402339	32780000000	17988364026	1.822	93474816	0	13004800	0
time	time-r3-avian-par-joint_prismatic-matched-t8	avian-par	joint_prismatic	matched	8	default	600	218626349	35570000000	15775145242	2.255	95092736	0	13312000	0
time	time-r3-avian-par-joint_prismatic-matched-t16	avian-par	joint_prismatic	matched	16	default	600	221437890	54610000000	19613346357	2.784	107413504	0	13160448	0
time	time-r3-jolt-joint_prismatic-matched-t1	jolt	joint_prismatic	matched	1	default	600	136411911	11030000000	11029866248	1.000	37588992	0	6524928	0
time	time-r3-jolt-joint_prismatic-matched-t4	jolt	joint_prismatic	matched	4	default	600	137299532	13050000000	3334988531	3.913	39059456	0	6774784	0
time	time-r3-jolt-joint_prismatic-matched-t8	jolt	joint_prismatic	matched	8	default	600	135606384	14140000000	1840960469	7.681	40345600	0	6533120	0
time	time-r3-jolt-joint_prismatic-matched-t16	jolt	joint_prismatic	matched	16	default	600	140127331	27520000000	2339493144	11.763	43978752	0	6959104	0
time	time-r3-jolt-4-joint_prismatic-matched-t1	jolt-4	joint_prismatic	matched	1	4	600	134252542	9510000000	9515903105	0.999	38436864	0	6873088	0
time	time-r3-jolt-4-joint_prismatic-matched-t4	jolt-4	joint_prismatic	matched	4	4	600	135436777	11380000000	2917587875	3.900	39772160	0	6799360	0
time	time-r3-jolt-4-joint_prismatic-matched-t8	jolt-4	joint_prismatic	matched	8	4	600	133451303	12340000000	1617283136	7.630	41205760	0	7004160	0
time	time-r3-jolt-4-joint_prismatic-matched-t16	jolt-4	joint_prismatic	matched	16	4	600	138539081	25780000000	2298885338	11.214	44294144	0	6692864	0
time	time-r3-rapier-par-joint_revolute-matched-t1	rapier-par	joint_revolute	matched	1	default	600	9734740	4050000000	4046921705	1.001	43716608	0	4214784	0
time	time-r3-rapier-par-joint_revolute-matched-t4	rapier-par	joint_revolute	matched	4	default	600	10109050	5010000000	1418251805	3.533	44548096	0	4067328	0
time	time-r3-rapier-par-joint_revolute-matched-t8	rapier-par	joint_revolute	matched	8	default	600	10489211	6400000000	1001875103	6.388	44929024	0	4018176	0
time	time-r3-rapier-par-joint_revolute-matched-t16	rapier-par	joint_revolute	matched	16	default	600	11647417	24670000000	1959162722	12.592	45862912	0	3911680	0
time	time-r3-avian-par-joint_revolute-matched-t1	avian-par	joint_revolute	matched	1	default	600	69321022	7800000000	7812657847	0.998	44503040	0	12034048	0
time	time-r3-avian-par-joint_revolute-matched-t4	avian-par	joint_revolute	matched	4	default	600	70430517	9080000000	5762530278	1.576	46448640	0	12345344	0
time	time-r3-avian-par-joint_revolute-matched-t8	avian-par	joint_revolute	matched	8	default	600	69812583	9620000000	5403000315	1.780	48267264	0	12095488	0
time	time-r3-avian-par-joint_revolute-matched-t16	avian-par	joint_revolute	matched	16	default	600	69222317	12770000000	6193763052	2.062	52166656	0	12251136	0
time	time-r3-jolt-joint_revolute-matched-t1	jolt	joint_revolute	matched	1	default	600	24737302	4650000000	4647043784	1.001	22511616	0	5844992	0
time	time-r3-jolt-joint_revolute-matched-t4	jolt	joint_revolute	matched	4	default	600	25372220	5250000000	1348683513	3.893	23465984	0	6062080	0
time	time-r3-jolt-joint_revolute-matched-t8	jolt	joint_revolute	matched	8	default	600	25144296	5620000000	743946149	7.554	24346624	0	5943296	0
time	time-r3-jolt-joint_revolute-matched-t16	jolt	joint_revolute	matched	16	default	600	24397941	12150000000	1159106478	10.482	26279936	0	5701632	0
time	time-r3-jolt-4-joint_revolute-matched-t1	jolt-4	joint_revolute	matched	1	4	600	24454457	3850000000	3849876637	1.000	22556672	0	5939200	0
time	time-r3-jolt-4-joint_revolute-matched-t4	jolt-4	joint_revolute	matched	4	4	600	24862542	4380000000	1127159863	3.886	23064576	0	5705728	0
time	time-r3-jolt-4-joint_revolute-matched-t8	jolt-4	joint_revolute	matched	8	4	600	25099465	4690000000	658500983	7.122	24264704	0	5816320	0
time	time-r3-jolt-4-joint_revolute-matched-t16	jolt-4	joint_revolute	matched	16	4	600	26028953	11360000000	1155452386	9.832	26435584	0	5906432	0
time	time-r3-rapier-simd8-balls-matched-t1	rapier-simd8	balls	matched	1	default	600	4287646	1920000000	1917691058	1.001	39645184	0	3379200	0
time	time-r3-rapier-simd8-balls-matched-t4	rapier-simd8	balls	matched	4	default	600	4691050	2600000000	753002420	3.453	39469056	0	3395584	0
time	time-r3-rapier-serial-balls-matched-t1	rapier-serial	balls	matched	1	default	600	4031218	2050000000	2051644583	0.999	36864000	0	3301376	0
time	time-r3-avian-serial-balls-matched-t1	avian-serial	balls	matched	1	default	600	61629148	4580000000	4576582867	1.001	41181184	0	11399168	0
time	time-r3-avian-par-balls-defaults-t1	avian-par	balls	defaults	1	default	600	59978315	3600000000	3603999398	0.999	49106944	0	11599872	0
time	time-r3-avian-par-balls-defaults-t4	avian-par	balls	defaults	4	default	600	61401667	4860000000	2111777008	2.301	51183616	0	11669504	0
time	time-r3-jolt-balls-defaults-t1	jolt	balls	defaults	1	default	600	4994599	2630000000	2635567005	0.998	16048128	0	5468160	0
time	time-r3-jolt-balls-defaults-t4	jolt	balls	defaults	4	default	600	5150681	3860000000	1003398950	3.847	16670720	0	5545984	0
time	time-r3-rapier-par-balls-defaults-t1	rapier-par	balls	defaults	1	default	600	4345876	630000000	631528434	0.998	38731776	0	3416064	0
time	time-r3-rapier-par-balls-defaults-t4	rapier-par	balls	defaults	4	default	600	4750443	880000000	290229643	3.032	39350272	0	3497984	0
time	time-r3-rapier-simd8-boxes-matched-t1	rapier-simd8	boxes	matched	1	default	600	859467	1670000000	1672013873	0.999	25899008	0	3084288	0
time	time-r3-rapier-simd8-boxes-matched-t4	rapier-simd8	boxes	matched	4	default	600	1105858	2190000000	560198841	3.909	26292224	0	3117056	0
time	time-r3-rapier-serial-boxes-matched-t1	rapier-serial	boxes	matched	1	default	600	651809	1950000000	1957182244	0.996	24817664	0	3170304	0
time	time-r3-avian-serial-boxes-matched-t1	avian-serial	boxes	matched	1	default	600	7154938	6620000000	6619156732	1.000	29999104	0	11018240	0
time	time-r3-avian-par-boxes-defaults-t1	avian-par	boxes	defaults	1	default	600	7418612	9040000000	9048127483	0.999	31735808	0	10985472	0
time	time-r3-avian-par-boxes-defaults-t4	avian-par	boxes	defaults	4	default	600	7823680	12730000000	5017635105	2.537	34168832	0	11235328	0
time	time-r3-jolt-boxes-defaults-t1	jolt	boxes	defaults	1	default	600	1101780	1840000000	1847758177	0.996	13660160	0	5091328	0
time	time-r3-jolt-boxes-defaults-t4	jolt	boxes	defaults	4	default	600	1203230	2740000000	711941110	3.849	14024704	0	4825088	0
time	time-r3-rapier-par-boxes-defaults-t1	rapier-par	boxes	defaults	1	default	600	873474	380000000	384917642	0.987	26066944	0	3227648	0
time	time-r3-rapier-par-boxes-defaults-t4	rapier-par	boxes	defaults	4	default	600	1410818	530000000	140149074	3.782	26386432	0	3186688	0
time	time-r3-rapier-simd8-capsules-matched-t1	rapier-simd8	capsules	matched	1	default	600	2194243	2450000000	2447973295	1.001	39440384	0	3420160	0
time	time-r3-rapier-simd8-capsules-matched-t4	rapier-simd8	capsules	matched	4	default	600	2864447	3470000000	971596956	3.571	40845312	0	3371008	0
time	time-r3-rapier-serial-capsules-matched-t1	rapier-serial	capsules	matched	1	default	600	1936161	2530000000	2539285405	0.996	37658624	0	3293184	0
time	time-r3-avian-serial-capsules-matched-t1	avian-serial	capsules	matched	1	default	600	20837440	5170000000	5173941879	0.999	34983936	0	11337728	0
time	time-r3-avian-par-capsules-defaults-t1	avian-par	capsules	defaults	1	default	600	20284655	7300000000	7297296243	1.000	36085760	0	11476992	0
time	time-r3-avian-par-capsules-defaults-t4	avian-par	capsules	defaults	4	default	600	20367350	9940000000	4130003441	2.407	38645760	0	11476992	0
time	time-r3-jolt-capsules-defaults-t1	jolt	capsules	defaults	1	default	600	2238286	4200000000	4209627205	0.998	13697024	0	5255168	0
time	time-r3-jolt-capsules-defaults-t4	jolt	capsules	defaults	4	default	600	2637863	5720000000	1539520030	3.715	14270464	0	5087232	0
time	time-r3-rapier-par-capsules-defaults-t1	rapier-par	capsules	defaults	1	default	600	2143199	2680000000	2684820663	0.998	39600128	0	3321856	0
time	time-r3-rapier-par-capsules-defaults-t4	rapier-par	capsules	defaults	4	default	600	2657871	4080000000	1155005418	3.532	40816640	0	3350528	0
time	time-r3-rapier-simd8-pyramid-matched-t1	rapier-simd8	pyramid	matched	1	default	600	28473651	134930000000	134938365097	1.000	505876480	0	4907008	0
time	time-r3-rapier-simd8-pyramid-matched-t4	rapier-simd8	pyramid	matched	4	default	600	29030464	213630000000	56676487977	3.769	505036800	0	4870144	0
time	time-r3-rapier-serial-pyramid-matched-t1	rapier-serial	pyramid	matched	1	default	600	28425893	138170000000	138171601930	1.000	497385472	0	4771840	0
time	time-r3-avian-serial-pyramid-matched-t1	avian-serial	pyramid	matched	1	default	600	831248182	320450000000	320466257344	1.000	296484864	0	12713984	0
time	time-r3-avian-par-pyramid-defaults-t1	avian-par	pyramid	defaults	1	default	600	816980242	413250000000	413272913235	1.000	295362560	0	12976128	0
time	time-r3-avian-par-pyramid-defaults-t4	avian-par	pyramid	defaults	4	default	600	849792633	448320000000	160067010366	2.801	345120768	0	12861440	0
time	time-r3-jolt-pyramid-defaults-t1	jolt	pyramid	defaults	1	default	600	30781380	253160000000	253177354624	1.000	191684608	0	6819840	0
time	time-r3-jolt-pyramid-defaults-t4	jolt	pyramid	defaults	4	default	600	30070358	363000000000	93274234256	3.892	198447104	0	6574080	0
time	time-r3-rapier-par-pyramid-defaults-t1	rapier-par	pyramid	defaults	1	default	600	28814758	141880000000	141891001621	1.000	506679296	0	4788224	0
time	time-r3-rapier-par-pyramid-defaults-t4	rapier-par	pyramid	defaults	4	default	600	28946107	239090000000	63081827187	3.790	508211200	0	4825088	0
time	time-r3-rapier-simd8-many_pyramids-matched-t1	rapier-simd8	many_pyramids	matched	1	default	600	6793693	13070000000	13069225032	1.000	89899008	0	3543040	0
time	time-r3-rapier-simd8-many_pyramids-matched-t4	rapier-simd8	many_pyramids	matched	4	default	600	7133819	17420000000	4718215597	3.692	90218496	0	3534848	0
time	time-r3-rapier-serial-many_pyramids-matched-t1	rapier-serial	many_pyramids	matched	1	default	600	6588469	14160000000	14161180217	1.000	87310336	0	3198976	0
time	time-r3-avian-serial-many_pyramids-matched-t1	avian-serial	many_pyramids	matched	1	default	600	68339671	39900000000	39910611391	1.000	65777664	0	11554816	0
time	time-r3-avian-par-many_pyramids-defaults-t1	avian-par	many_pyramids	defaults	1	default	600	65550630	46410000000	46411145492	1.000	67608576	0	11681792	0
time	time-r3-avian-par-many_pyramids-defaults-t4	avian-par	many_pyramids	defaults	4	default	600	64819988	53630000000	17347767710	3.091	73134080	0	11681792	0
time	time-r3-jolt-many_pyramids-defaults-t1	jolt	many_pyramids	defaults	1	default	600	5599010	1120000000	1113212325	1.006	34283520	0	5505024	0
time	time-r3-jolt-many_pyramids-defaults-t4	jolt	many_pyramids	defaults	4	default	600	5920652	1440000000	365364402	3.941	35491840	0	5562368	0
time	time-r3-rapier-par-many_pyramids-defaults-t1	rapier-par	many_pyramids	defaults	1	default	600	6964163	1300000000	1295144386	1.004	89907200	0	3645440	0
time	time-r3-rapier-par-many_pyramids-defaults-t4	rapier-par	many_pyramids	defaults	4	default	600	7332431	1780000000	495962496	3.589	90402816	0	3563520	0
time	time-r3-rapier-simd8-keva-matched-t1	rapier-simd8	keva	matched	1	default	600	27882079	206960000000	206972281743	1.000	711163904	0	4562944	0
time	time-r3-rapier-simd8-keva-matched-t4	rapier-simd8	keva	matched	4	default	600	28409701	337830000000	88770648372	3.806	712982528	0	4571136	0
time	time-r3-rapier-serial-keva-matched-t1	rapier-serial	keva	matched	1	default	600	27333767	216770000000	216781352613	1.000	694919168	0	4608000	0
time	time-r3-avian-serial-keva-matched-t1	avian-serial	keva	matched	1	default	600	704228272	306680000000	306694631831	1.000	452841472	0	12750848	0
time	time-r3-avian-par-keva-defaults-t1	avian-par	keva	defaults	1	default	600	734505692	438210000000	438226976226	1.000	445775872	0	12857344	0
time	time-r3-avian-par-keva-defaults-t4	avian-par	keva	defaults	4	default	600	692047877	444590000000	165729564725	2.683	516853760	0	12980224	0
time	time-r3-jolt-keva-defaults-t1	jolt	keva	defaults	1	default	600	28097029	357070000000	357088124847	1.000	251035648	0	6262784	0
time	time-r3-jolt-keva-defaults-t4	jolt	keva	defaults	4	default	600	27559180	457080000000	116630172608	3.919	257167360	0	6426624	0
time	time-r3-rapier-par-keva-defaults-t1	rapier-par	keva	defaults	1	default	600	27924101	213600000000	213619455447	1.000	712466432	0	4689920	0
time	time-r3-rapier-par-keva-defaults-t4	rapier-par	keva	defaults	4	default	600	29285295	381310000000	99682827839	3.825	713883648	0	4423680	0
time	time-r3-rapier-simd8-joint_ball-matched-t1	rapier-simd8	joint_ball	matched	1	default	600	13771313	5220000000	5227475373	0.999	64098304	0	4763648	0
time	time-r3-rapier-simd8-joint_ball-matched-t4	rapier-simd8	joint_ball	matched	4	default	600	14175258	6580000000	1907677085	3.449	64864256	0	4771840	0
time	time-r3-rapier-serial-joint_ball-matched-t1	rapier-serial	joint_ball	matched	1	default	600	13348510	6030000000	6029408955	1.000	61915136	0	5042176	0
time	time-r3-avian-serial-joint_ball-matched-t1	avian-serial	joint_ball	matched	1	default	600	106348684	11470000000	11459984716	1.001	81928192	0	13008896	0
time	time-r3-avian-par-joint_ball-defaults-t1	avian-par	joint_ball	defaults	1	default	600	104051008	10570000000	10583201780	0.999	57286656	0	12939264	0
time	time-r3-avian-par-joint_ball-defaults-t4	avian-par	joint_ball	defaults	4	default	600	102160358	11870000000	8377662765	1.417	57622528	0	12783616	0
time	time-r3-jolt-joint_ball-defaults-t1	jolt	joint_ball	defaults	1	default	600	216619074	6820000000	6813210994	1.001	27090944	0	6721536	0
time	time-r3-jolt-joint_ball-defaults-t4	jolt	joint_ball	defaults	4	default	600	219653158	9340000000	2751128041	3.395	28053504	0	6873088	0
time	time-r3-rapier-par-joint_ball-defaults-t1	rapier-par	joint_ball	defaults	1	default	600	13596483	6850000000	6854589951	0.999	64876544	0	5013504	0
time	time-r3-rapier-par-joint_ball-defaults-t4	rapier-par	joint_ball	defaults	4	default	600	14130734	8340000000	2381154404	3.503	65662976	0	4988928	0
time	time-r3-rapier-simd8-joint_fixed-matched-t1	rapier-simd8	joint_fixed	matched	1	default	600	14884073	8200000000	8196741799	1.000	65339392	0	5128192	0
time	time-r3-rapier-simd8-joint_fixed-matched-t4	rapier-simd8	joint_fixed	matched	4	default	600	14577760	10610000000	2975610939	3.566	65753088	0	4997120	0
time	time-r3-rapier-serial-joint_fixed-matched-t1	rapier-serial	joint_fixed	matched	1	default	600	14107199	10160000000	10166870188	0.999	63795200	0	4878336	0
time	time-r3-avian-serial-joint_fixed-matched-t1	avian-serial	joint_fixed	matched	1	default	600	119812557	8750000000	8750041713	1.000	53264384	0	13156352	0
time	time-r3-avian-par-joint_fixed-defaults-t1	avian-par	joint_fixed	defaults	1	default	600	117965291	12210000000	12206155549	1.000	53936128	0	13213696	0
time	time-r3-avian-par-joint_fixed-defaults-t4	avian-par	joint_fixed	defaults	4	default	600	118494581	13400000000	11284764081	1.187	55029760	0	13127680	0
time	time-r3-jolt-joint_fixed-defaults-t1	jolt	joint_fixed	defaults	1	default	600	226661488	9320000000	9318703649	1.000	32342016	0	6815744	0
time	time-r3-jolt-joint_fixed-defaults-t4	jolt	joint_fixed	defaults	4	default	600	222887078	10330000000	2647122050	3.902	33103872	0	7024640	0
time	time-r3-rapier-par-joint_fixed-defaults-t1	rapier-par	joint_fixed	defaults	1	default	600	14222164	5880000000	5869657442	1.002	65396736	0	5128192	0
time	time-r3-rapier-par-joint_fixed-defaults-t4	rapier-par	joint_fixed	defaults	4	default	600	14506466	7370000000	2038240146	3.616	65712128	0	5132288	0
time	time-r3-rapier-simd8-joint_prismatic-matched-t1	rapier-simd8	joint_prismatic	matched	1	default	600	19866543	8300000000	8295254404	1.001	80015360	0	4972544	0
time	time-r3-rapier-simd8-joint_prismatic-matched-t4	rapier-simd8	joint_prismatic	matched	4	default	600	20693409	11420000000	3334321956	3.425	80805888	0	5115904	0
time	time-r3-rapier-serial-joint_prismatic-matched-t1	rapier-serial	joint_prismatic	matched	1	default	600	19692066	9580000000	9580094671	1.000	77893632	0	4907008	0
time	time-r3-avian-serial-joint_prismatic-matched-t1	avian-serial	joint_prismatic	matched	1	default	600	209363087	27140000000	27138634823	1.000	82309120	0	12775424	0
time	time-r3-avian-par-joint_prismatic-defaults-t1	avian-par	joint_prismatic	defaults	1	default	600	207210601	32830000000	32837468297	1.000	81207296	0	13164544	0
time	time-r3-avian-par-joint_prismatic-defaults-t4	avian-par	joint_prismatic	defaults	4	default	600	203731881	38830000000	21197607138	1.832	92004352	0	13090816	0
time	time-r3-jolt-joint_prismatic-defaults-t1	jolt	joint_prismatic	defaults	1	default	600	135127859	11130000000	11131763232	1.000	37621760	0	6619136	0
time	time-r3-jolt-joint_prismatic-defaults-t4	jolt	joint_prismatic	defaults	4	default	600	132478724	13180000000	3364071353	3.918	39202816	0	6922240	0
time	time-r3-rapier-par-joint_prismatic-defaults-t1	rapier-par	joint_prismatic	defaults	1	default	600	19791401	10240000000	10240196768	1.000	80146432	0	4878336	0
time	time-r3-rapier-par-joint_prismatic-defaults-t4	rapier-par	joint_prismatic	defaults	4	default	600	20207139	13320000000	3824050770	3.483	81100800	0	5038080	0
time	time-r3-rapier-simd8-joint_revolute-matched-t1	rapier-simd8	joint_revolute	matched	1	default	600	9602021	3320000000	3314686082	1.002	48746496	0	4190208	0
time	time-r3-rapier-simd8-joint_revolute-matched-t4	rapier-simd8	joint_revolute	matched	4	default	600	9986150	4250000000	1215085314	3.498	48791552	0	4206592	0
time	time-r3-rapier-serial-joint_revolute-matched-t1	rapier-serial	joint_revolute	matched	1	default	600	9668406	4110000000	4107140809	1.001	42184704	0	4083712	0
time	time-r3-avian-serial-joint_revolute-matched-t1	avian-serial	joint_revolute	matched	1	default	600	68474659	7220000000	7219232592	1.000	43442176	0	11665408	0
time	time-r3-avian-par-joint_revolute-defaults-t1	avian-par	joint_revolute	defaults	1	default	600	67317494	36550000000	36550206479	1.000	66191360	0	12259328	0
time	time-r3-avian-par-joint_revolute-defaults-t4	avian-par	joint_revolute	defaults	4	default	600	68464219	43040000000	21696970874	1.984	76247040	0	12435456	0
time	time-r3-jolt-joint_revolute-defaults-t1	jolt	joint_revolute	defaults	1	default	600	24757441	4660000000	4664194723	0.999	22503424	0	5943296	0
time	time-r3-jolt-joint_revolute-defaults-t4	jolt	joint_revolute	defaults	4	default	600	25189089	5280000000	1353844557	3.900	23408640	0	5914624	0
time	time-r3-rapier-par-joint_revolute-defaults-t1	rapier-par	joint_revolute	defaults	1	default	600	9906932	4840000000	4833535013	1.001	44306432	0	4018176	0
time	time-r3-rapier-par-joint_revolute-defaults-t4	rapier-par	joint_revolute	defaults	4	default	600	10319583	5980000000	1669762337	3.581	44806144	0	4124672	0
split	split-r3-avian-par-balls-matched-t1	avian-par	balls	matched	1	default	600	63834889	5230000000	5235977916	0.999	42283008	0	11313152	0
split	split-r3-avian-par-balls-matched-t4	avian-par	balls	matched	4	default	600	64255245	6270000000	2476268913	2.532	44752896	0	11366400	0
split	split-r3-avian-par-boxes-matched-t1	avian-par	boxes	matched	1	default	600	7882124	6960000000	6959701254	1.000	30760960	0	11157504	0
split	split-r3-avian-par-boxes-matched-t4	avian-par	boxes	matched	4	default	600	8437854	9800000000	3902004454	2.512	33034240	0	11173888	0
split	split-r3-avian-par-capsules-matched-t1	avian-par	capsules	matched	1	default	600	21382087	5650000000	5644624066	1.001	35995648	0	11427840	0
split	split-r3-avian-par-capsules-matched-t4	avian-par	capsules	matched	4	default	600	21576441	7380000000	3073546221	2.401	38154240	0	11362304	0
split	split-r3-avian-par-pyramid-matched-t1	avian-par	pyramid	matched	1	default	600	831885050	324200000000	324207413823	1.000	299036672	0	13041664	0
split	split-r3-avian-par-pyramid-matched-t4	avian-par	pyramid	matched	4	default	600	860050593	355230000000	128155220616	2.772	344199168	0	12853248	0
split	split-r3-avian-par-many_pyramids-matched-t1	avian-par	many_pyramids	matched	1	default	600	68941983	41400000000	41402825263	1.000	67526656	0	11710464	0
split	split-r3-avian-par-many_pyramids-matched-t4	avian-par	many_pyramids	matched	4	default	600	70969926	47260000000	16162046079	2.924	73322496	0	11485184	0
split	split-r3-avian-par-keva-matched-t1	avian-par	keva	matched	1	default	600	711948910	311540000000	311560853489	1.000	455122944	0	12509184	0
split	split-r3-avian-par-keva-matched-t4	avian-par	keva	matched	4	default	600	726779696	314190000000	119433553321	2.631	522727424	0	12685312	0
split	split-r3-avian-par-joint_ball-matched-t1	avian-par	joint_ball	matched	1	default	600	107509303	12100000000	12101793924	1.000	84299776	0	13131776	0
split	split-r3-avian-par-joint_ball-matched-t4	avian-par	joint_ball	matched	4	default	600	107047363	14570000000	9020336857	1.615	91656192	0	13160448	0
split	split-r3-avian-par-joint_fixed-matched-t1	avian-par	joint_fixed	matched	1	default	600	122419526	9360000000	9369756015	0.999	54759424	0	13160448	0
split	split-r3-avian-par-joint_fixed-matched-t4	avian-par	joint_fixed	matched	4	default	600	123586009	10260000000	8331774461	1.231	56307712	0	13107200	0
split	split-r3-avian-par-joint_prismatic-matched-t1	avian-par	joint_prismatic	matched	1	default	600	213912287	28300000000	28304113009	1.000	83828736	0	13017088	0
split	split-r3-avian-par-joint_prismatic-matched-t4	avian-par	joint_prismatic	matched	4	default	600	218501684	32950000000	18066875332	1.824	93487104	0	13103104	0
split	split-r3-avian-par-joint_revolute-matched-t1	avian-par	joint_revolute	matched	1	default	600	69302657	7840000000	7842674405	1.000	44851200	0	12177408	0
split	split-r3-avian-par-joint_revolute-matched-t4	avian-par	joint_revolute	matched	4	default	600	71026542	9100000000	5764039075	1.579	46559232	0	12251136	0
sweep	sweep-r3-avian-par-many_pyramids-matched-t4-i2	avian-par	many_pyramids	matched	4	2	600	77380766	33920000000	12712472407	2.668	73342976	0	11468800	0
sweep	sweep-r3-jolt-many_pyramids-matched-t4-i2	jolt	many_pyramids	matched	4	2	600	5915376	17960000000	4559955904	3.939	35713024	0	5373952	0
sweep	sweep-r3-rapier-par-many_pyramids-matched-t4-i2	rapier-par	many_pyramids	matched	4	2	600	7355469	15380000000	4220072183	3.644	90316800	0	3620864	0
sweep	sweep-r3-avian-par-many_pyramids-matched-t4-i4	avian-par	many_pyramids	matched	4	4	600	68773255	46810000000	16253678963	2.880	73175040	0	11624448	0
sweep	sweep-r3-jolt-many_pyramids-matched-t4-i4	jolt	many_pyramids	matched	4	4	600	5608221	14700000000	3738106366	3.932	35569664	0	5574656	0
sweep	sweep-r3-rapier-par-many_pyramids-matched-t4-i4	rapier-par	many_pyramids	matched	4	4	600	7213724	19000000000	5074879945	3.744	90451968	0	3608576	0
sweep	sweep-r3-avian-par-many_pyramids-matched-t4-i8	avian-par	many_pyramids	matched	4	8	600	69663370	74070000000	22984507310	3.223	73596928	0	11620352	0
sweep	sweep-r3-jolt-many_pyramids-matched-t4-i8	jolt	many_pyramids	matched	4	8	600	5666730	18250000000	4624278724	3.947	35229696	0	5181440	0
sweep	sweep-r3-rapier-par-many_pyramids-matched-t4-i8	rapier-par	many_pyramids	matched	4	8	600	7563108	24820000000	6503765627	3.816	90451968	0	3563520	0
sweep	sweep-r3-avian-par-joint_revolute-matched-t4-i2	avian-par	joint_revolute	matched	4	2	600	71615150	6400000000	3792185527	1.688	46325760	0	12177408	0
sweep	sweep-r3-rapier-par-joint_revolute-matched-t4-i2	rapier-par	joint_revolute	matched	4	2	600	10105434	3320000000	982288578	3.380	43835392	0	4255744	0
sweep	sweep-r3-avian-par-joint_revolute-matched-t4-i4	avian-par	joint_revolute	matched	4	4	600	71171892	9090000000	5750490214	1.581	46563328	0	12349440	0
sweep	sweep-r3-jolt-joint_revolute-matched-t4-i4	jolt	joint_revolute	matched	4	4	600	24676250	4380000000	1127372438	3.885	23343104	0	5890048	0
sweep	sweep-r3-rapier-par-joint_revolute-matched-t4-i4	rapier-par	joint_revolute	matched	4	4	600	10030172	5060000000	1425683416	3.549	44462080	0	4083712	0
sweep	sweep-r3-avian-par-joint_revolute-matched-t4-i8	avian-par	joint_revolute	matched	4	8	600	67982356	14020000000	9527708904	1.471	46723072	0	12279808	0
sweep	sweep-r3-jolt-joint_revolute-matched-t4-i8	jolt	joint_revolute	matched	4	8	600	25420551	4950000000	1271058909	3.894	23429120	0	5910528	0
sweep	sweep-r3-rapier-par-joint_revolute-matched-t4-i8	rapier-par	joint_revolute	matched	4	8	600	10311167	8420000000	2270066115	3.709	44158976	0	3964928	0
